sample,fusion genes,chrom1,base1,strand1,chrom2,base2,strand2,gap (kb),spanning pairs,spanning reads,inframe,aligns,rearrangement,contig,contig break,classification,known
DepMap_AS010_v1_SKBR3.refine.bam.fastq,CYTH1:EIF3H,chr17,78782202,-,chr8,116756019,-,Inf,0,411,FALSE,TRUE,TRUE,m84056_230620_213907_s3/101125358/ccs/2391_3762,93,HighConfidence,Yes
DepMap_AS010_v1_SKBR3.refine.bam.fastq,CYTH1:EIF3H,chr17,78782202,-,chr8,116726172,-,Inf,0,138,FALSE,TRUE,TRUE,m84056_230620_213907_s3/100469854/ccs/4871_6069,98,HighConfidence,Yes
DepMap_AS010_v1_SKBR3.refine.bam.fastq,TATDN1:GSDMB,chr8,124538928,-,chr17,39909924,-,Inf,0,110,FALSE,TRUE,TRUE,m84056_230620_213907_s3/103679226/ccs/44_1078,126,HighConfidence,Yes
DepMap_AS010_v1_SKBR3.refine.bam.fastq,CYTH1:EIF3H,chr17,78782202,-,chr8,116658980,-,Inf,0,95,TRUE,TRUE,TRUE,m84056_230620_213907_s3/103875880/ccs/7918_8948,109,HighConfidence,Yes
DepMap_AS010_v1_SKBR3.refine.bam.fastq,SUMF1:LRRFIP2,chr3,4376330,-,chr3,37129149,-,32752.804,0,52,TRUE,TRUE,TRUE,m84056_230620_213907_s3/103810016/ccs/7206_8646,1042,HighConfidence,-
DepMap_AS010_v1_SKBR3.refine.bam.fastq,TAF2:COLEC10,chr8,119795532,-,chr8,119102348,+,693.185,0,41,FALSE,TRUE,TRUE,m84056_230620_213907_s3/102040952/ccs/4785_9066,1470,HighConfidence,-
DepMap_AS010_v1_SKBR3.refine.bam.fastq,CYTH1:EIF3H,chr17,78782202,-,chr8,116755797,-,Inf,0,41,FALSE,TRUE,TRUE,m84056_230620_213907_s3/100469694/ccs/2950_4253,93,HighConfidence,Yes
DepMap_AS010_v1_SKBR3.refine.bam.fastq,RARA:PKIA,chr17,40309286,+,chr8,78572811,+,Inf,0,36,FALSE,TRUE,TRUE,m84056_230620_213907_s3/106497406/ccs/5520_7392,94,HighConfidence,Yes
DepMap_AS010_v1_SKBR3.refine.bam.fastq,TATDN1:GSDMB,chr8,124538928,-,chr17,39905985,-,Inf,0,28,FALSE,TRUE,TRUE,m84056_230620_213907_s3/108071134/ccs/1982_2685,125,HighConfidence,Yes
DepMap_AS010_v1_SKBR3.refine.bam.fastq,NCOA2:CALB1,chr8,70403700,-,chr8,90082102,-,19678.399,0,22,FALSE,TRUE,TRUE,m84056_230620_213907_s3/111085684/ccs/44_2421,108,HighConfidence,-
DepMap_AS010_v1_SKBR3.refine.bam.fastq,KLHDC2:SNTB1,chr14,49782594,+,chr8,120548958,-,Inf,0,21,TRUE,TRUE,TRUE,m84056_230620_213907_s3/103286232/ccs/6803_10792,1417,HighConfidence,Yes
DepMap_AS010_v1_SKBR3.refine.bam.fastq,SAMD12:MRPL13,chr8,118439832,-,chr8,120443308,-,2003.474,0,19,FALSE,TRUE,TRUE,m84056_230620_213907_s3/157880372/ccs/823_2062,470,HighConfidence,-
DepMap_AS010_v1_SKBR3.refine.bam.fastq,SAMD12:MRPL13,chr8,118439832,-,chr8,120432123,-,1992.285,0,18,TRUE,TRUE,TRUE,m84056_230620_213907_s3/101848010/ccs/4843_5972,487,HighConfidence,-
DepMap_AS010_v1_SKBR3.refine.bam.fastq,TBC1D31:ZNF704,chr8,123084340,+,chr8,80821615,-,42262.722,0,15,TRUE,TRUE,TRUE,m84056_230620_213907_s3/116527659/ccs/2239_4454,535,HighConfidence,Yes
DepMap_AS010_v1_SKBR3.refine.bam.fastq,TATDN1:GSDMB,chr8,124538928,-,chr17,39906271,-,Inf,0,14,TRUE,TRUE,TRUE,m84056_230620_213907_s3/121704771/ccs/664_1528,125,HighConfidence,Yes
DepMap_AS010_v1_SKBR3.refine.bam.fastq,CSNK2A1:PREX1,chr20,527933,-,chr20,48632639,-,48104.705,0,11,FALSE,TRUE,TRUE,m84056_230620_213907_s3/101516433/ccs/6317_6993,215,HighConfidence,-
DepMap_AS010_v1_SKBR3.refine.bam.fastq,SAMD12:MRPL13,chr8,118439832,-,chr8,120425366,-,1985.529,0,9,FALSE,TRUE,TRUE,m84056_230620_213907_s3/142086282/ccs/2032_3005,424,HighConfidence,-
DepMap_AS010_v1_SKBR3.refine.bam.fastq,CYTH1:EIF3H,chr17,78782202,-,chr8,116656005,-,Inf,0,8,FALSE,TRUE,TRUE,m84056_230620_213907_s3/155455387/ccs/8699_9450,98,HighConfidence,Yes
DepMap_AS010_v1_SKBR3.refine.bam.fastq,SAMD12:MRPL13,chr8,118580715,-,chr8,120443308,-,1862.59,0,7,TRUE,TRUE,TRUE,m84056_230620_213907_s3/128978401/ccs/4653_5745,323,HighConfidence,-
DepMap_AS010_v1_SKBR3.refine.bam.fastq,RARA:PKIA,chr17,40309286,+,chr8,78598358,+,Inf,0,6,FALSE,TRUE,TRUE,m84056_230620_213907_s3/140907243/ccs/3260_7074,110,HighConfidence,Yes
DepMap_AS010_v1_SKBR3.refine.bam.fastq,SUMF1:LRRFIP2,chr3,4410865,-,chr3,37129149,-,32718.283,0,5,TRUE,TRUE,TRUE,m84056_230620_213907_s3/197264288/ccs/4267_7141,973,HighConfidence,-
DepMap_AS010_v1_SKBR3.refine.bam.fastq,TATDN1:GSDMB,chr8,124539025,-,chr17,39905985,-,Inf,0,5,FALSE,TRUE,TRUE,m84056_230620_213907_s3/104664413/ccs/4056_4717,83,HighConfidence,Yes
DepMap_AS010_v1_SKBR3.refine.bam.fastq,CYTH1:EIF3H,chr17,78782202,-,chr8,116646603,-,Inf,0,4,FALSE,TRUE,TRUE,m84056_230620_213907_s3/251205065/ccs/7065_7588,108,HighConfidence,Yes
DepMap_AS010_v1_SKBR3.refine.bam.fastq,TATDN1:GSDMB,chr8,124539025,-,chr17,39909924,-,Inf,0,4,FALSE,TRUE,TRUE,m84056_230620_213907_s3/13045006/ccs/905_2008,83,HighConfidence,Yes
DepMap_AS010_v1_SKBR3.refine.bam.fastq,SAMD12:MRPL13,chr8,118580715,-,chr8,120425366,-,1844.649,0,3,FALSE,TRUE,TRUE,m84056_230620_213907_s3/187761606/ccs/5109_5983,327,HighConfidence,-
DepMap_AS010_v1_SKBR3.refine.bam.fastq,SAMD12:MRPL13,chr8,118439862,-,chr8,120425366,-,1985.502,0,3,FALSE,TRUE,TRUE,m84056_230620_213907_s3/171180211/ccs/6964_7916,401,HighConfidence,-
DepMap_AS010_v1_SKBR3.refine.bam.fastq,CTC-559E9.6:MTSS1,chr19,19776994,+,chr8,124591235,-,Inf,0,3,FALSE,TRUE,TRUE,m84056_230620_213907_s3/133108132/ccs/3157_4166,235,HighConfidence,-
DepMap_AS010_v1_SKBR3.refine.bam.fastq,TATDN1:GSDMB,chr8,124538331,-,chr17,39909924,-,Inf,0,3,FALSE,TRUE,TRUE,m84056_230620_213907_s3/12522317/ccs/44_1225,132,HighConfidence,Yes
DepMap_AS010_v1_SKBR3.refine.bam.fastq,CHID1:RPLP2,chr11,883148,-,chr11,812535,+,70.612,0,2,FALSE,TRUE,TRUE,m84056_230620_213907_s3/251464422/ccs/7397_8552,939,HighConfidence,-
DepMap_AS010_v1_SKBR3.refine.bam.fastq,RANBP10:PSKH1,chr16,67805428,-,chr16,67908680,+,103.252,0,2,FALSE,TRUE,TRUE,m84056_230620_213907_s3/255005527/ccs/74_3817,370,HighConfidence,-
DepMap_AS010_v1_SKBR3.refine.bam.fastq,CMTM8:CMTM7,chr3,32239119,+,chr3,32441840,+,202.724,0,2,TRUE,TRUE,FALSE,m84056_230620_213907_s3/125174798/ccs/740_2017,420,HighConfidence,Yes
DepMap_AS010_v1_SKBR3.refine.bam.fastq,RP11-96H19.1:RP11-446N19.1,chr12,46387972,+,chr12,46652390,+,264.428,0,2,FALSE,TRUE,FALSE,m84056_230620_213907_s3/261555076/ccs/3306_3777,285,HighConfidence,-
DepMap_AS010_v1_SKBR3.refine.bam.fastq,YWHAG:MDH2,chr7,76358722,-,chr7,76054830,+,303.893,0,2,TRUE,TRUE,TRUE,m84056_230620_213907_s3/242357396/ccs/74_1501,297,HighConfidence,-
DepMap_AS010_v1_SKBR3.refine.bam.fastq,ZNF385A:PCBP2,chr12,54384428,-,chr12,53479406,+,905.023,0,2,FALSE,TRUE,TRUE,m84056_230620_213907_s3/206311724/ccs/44_801,350,HighConfidence,-
DepMap_AS010_v1_SKBR3.refine.bam.fastq,TRIO:FBXL7,chr5,14420021,+,chr5,15615983,+,1195.971,0,2,TRUE,TRUE,FALSE,m84056_230620_213907_s3/203625552/ccs/5221_8927,1876,HighConfidence,Yes
DepMap_AS010_v1_SKBR3.refine.bam.fastq,SAMD12:MRPL13,chr8,118580715,-,chr8,120432123,-,1851.406,0,2,FALSE,TRUE,TRUE,m84056_230620_213907_s3/136386426/ccs/46_971,282,HighConfidence,-
DepMap_AS010_v1_SKBR3.refine.bam.fastq,EIF2B5:RP11-132N15.3,chr3,184135580,+,chr3,187958963,-,3823.385,0,2,FALSE,TRUE,TRUE,m84056_230620_213907_s3/168821331/ccs/5871_6308,214,HighConfidence,-
DepMap_AS010_v1_SKBR3.refine.bam.fastq,EIF2B5:RP11-132N15.1,chr3,184136736,+,chr3,187997758,-,3861.021,0,2,FALSE,TRUE,TRUE,m84056_230620_213907_s3/169152033/ccs/2680_6347,183,HighConfidence,-
DepMap_AS010_v1_SKBR3.refine.bam.fastq,DHX35:ITCH,chr20,38969214,+,chr20,34369394,+,4599.818,0,2,FALSE,TRUE,TRUE,m84056_230620_213907_s3/197396253/ccs/10268_14130,300,HighConfidence,Yes
DepMap_AS010_v1_SKBR3.refine.bam.fastq,CALB1:RALYL,chr8,90078373,-,chr8,84873284,+,5205.09,0,2,FALSE,TRUE,TRUE,m84056_230620_213907_s3/186976027/ccs/8721_10213,263,HighConfidence,-
DepMap_AS010_v1_SKBR3.refine.bam.fastq,PVT1:LINC00536,chr8,127989291,+,chr8,115977436,-,12011.848,0,2,FALSE,TRUE,TRUE,m84056_230620_213907_s3/216929086/ccs/6804_8960,590,HighConfidence,-
DepMap_AS010_v1_SKBR3.refine.bam.fastq,PVT1:LINC00536,chr8,128010444,+,chr8,115977436,-,12033.006,0,2,FALSE,TRUE,TRUE,m84056_230620_213907_s3/243797575/ccs/3134_5612,876,HighConfidence,-
DepMap_AS010_v1_SKBR3.refine.bam.fastq,BLOC1S6:AKAP13,chr15,45587525,+,chr15,85639374,+,40051.851,0,2,FALSE,TRUE,FALSE,m84056_230620_213907_s3/119276813/ccs/44_1723,187,HighConfidence,-
DepMap_AS010_v1_SKBR3.refine.bam.fastq,RP5-823G15.5:CSNK2A1,chr20,53461469,-,chr20,528049,-,52933.424,0,2,FALSE,TRUE,FALSE,m84056_230620_213907_s3/239080848/ccs/6047_6733,107,HighConfidence,-
DepMap_AS010_v1_SKBR3.refine.bam.fastq,IQSEC1:MBNL1,chr3,12986971,-,chr3,152432717,+,139445.745,0,2,FALSE,TRUE,TRUE,m84056_230620_213907_s3/97912667/ccs/7043_9823,147,HighConfidence,-
DepMap_AS010_v1_SKBR3.refine.bam.fastq,ABCB9:ACOT13,chr12,122959636,-,chr6,24670767,+,Inf,0,9,NA,FALSE,TRUE,m84056_230620_213907_s3/105252194/ccs/10255_11624,883,LowConfidence,-
DepMap_AS010_v1_SKBR3.refine.bam.fastq,C15orf57:CBX3,chr15,40561982,-,chr7,26201745,+,Inf,0,4,NA,FALSE,TRUE,m84056_230620_213907_s3/101057652/ccs/734_2870,344,LowConfidence,-
DepMap_AS010_v1_SKBR3.refine.bam.fastq,RN7SL1:RP11-618P17.4,chr14,49586811,+,chr19,34401870,+,Inf,0,3,NA,FALSE,TRUE,m84056_230620_213907_s3/117245321/ccs/3603_4115,233,LowConfidence,-
DepMap_AS010_v1_SKBR3.refine.bam.fastq,ANKHD1:PCDH1,chr5,140445972,+,chr5,141854436,-,1408.464,0,2,NA,FALSE,TRUE,m84056_230620_213907_s3/258409957/ccs/44_1207,543,LowConfidence,Yes
DepMap_AS010_v1_SKBR3.refine.bam.fastq,HNRNPA3:CCT7,chr2,177217756,+,chr2,73251350,+,103966.406,0,2,NA,FALSE,TRUE,m84056_230620_213907_s3/257295230/ccs/6397_7751,902,LowConfidence,-
DepMap_AS010_v1_SKBR3.refine.bam.fastq,TSPAN15:HNRNPA2B1,chr10,69483728,+,chr7,26193596,-,Inf,0,2,NA,FALSE,TRUE,m84056_230620_213907_s3/168429332/ccs/13198_14155,255,LowConfidence,-
DepMap_AS010_v1_SKBR3.refine.bam.fastq,FAM213A:CHRAC1,chr10,80432018,+,chr8,140516338,+,Inf,0,2,NA,FALSE,TRUE,m84056_230620_213907_s3/19071804/ccs/9659_10730,702,LowConfidence,-
DepMap_AS010_v1_SKBR3.refine.bam.fastq,RN7SL1:IFI6,chr14,49586809,+,chr1,27666247,-,Inf,0,2,NA,FALSE,TRUE,m84056_230620_213907_s3/113511890/ccs/4759_5176,231,LowConfidence,-
DepMap_AS010_v1_SKBR3.refine.bam.fastq,EHD4:KCTD21-AS1,chr15,41898763,-,chr11,78171724,+,Inf,0,2,NA,FALSE,TRUE,m84056_230620_213907_s3/223872826/ccs/1054_5164,3625,LowConfidence,-
DepMap_AS010_v1_SKBR3.refine.bam.fastq,ULK3:KRT7,chr15,74842319,-,chr12,52233548,+,Inf,0,2,NA,FALSE,TRUE,m84056_230620_213907_s3/182980306/ccs/5026_6596,248,LowConfidence,-
DepMap_AS010_v1_SKBR3.refine.bam.fastq,CDC6:PAWR,chr17,40302445,+,chr12,79590310,-,Inf,0,2,NA,FALSE,TRUE,m84056_230620_213907_s3/219351497/ccs/74_2607,1554,LowConfidence,-
DepMap_AS010_v1_SKBR3.refine.bam.fastq,SYDE2:TRIM16L,chr1,85181516,-,chr17,18735922,+,Inf,0,2,NA,FALSE,TRUE,m84056_230620_213907_s3/221778018/ccs/5838_7404,1369,LowConfidence,-
DepMap_AS010_v1_SKBR3.refine.bam.fastq,RNU6-2:GAPDH,chr19,1021626,+,chr12,6536959,+,Inf,0,2,NA,FALSE,TRUE,m84056_230620_213907_s3/204146896/ccs/14705_15744,107,LowConfidence,-
DepMap_AS010_v1_SKBR3.refine.bam.fastq,PPM1G:COPS6,chr2,27393422,-,chr7,100089006,+,Inf,0,2,NA,FALSE,TRUE,m84056_230620_213907_s3/65147722/ccs/894_2176,157,LowConfidence,-
DepMap_AS010_v1_SKBR3.refine.bam.fastq,RP4-613B23.5:LITAF,chr3,42786052,-,chr16,11549335,-,Inf,0,2,NA,FALSE,TRUE,m84056_230620_213907_s3/211749689/ccs/7009_8067,321,LowConfidence,-
DepMap_AS010_v1_SKBR3.refine.bam.fastq,CCDC12:RP11-395B7.2,chr3,46941038,-,chr7,100967702,-,Inf,0,2,NA,FALSE,TRUE,m84056_230620_213907_s3/227086142/ccs/1622_2527,139,LowConfidence,-
DepMap_AS010_v1_SKBR3.refine.bam.fastq,SLC7A11-AS1:UTP15,chr4,138167433,+,chr5,73581217,+,Inf,0,2,NA,FALSE,TRUE,m84056_230620_213907_s3/196021713/ccs/9246_11598,394,LowConfidence,-
DepMap_AS010_v1_SKBR3.refine.bam.fastq,MKLN1:NDUFAB1,chr7,131437952,+,chr16,23582328,-,Inf,0,2,NA,FALSE,TRUE,m84056_230620_213907_s3/137171730/ccs/3959_5316,1139,LowConfidence,-
DepMap_AS010_v1_SKBR3.refine.bam.fastq,CHRAC1:FAM213A,chr8,140516190,+,chr10,80432599,+,Inf,0,2,NA,FALSE,TRUE,m84056_230620_213907_s3/162665482/ccs/1313_3138,1438,LowConfidence,-
DepMap_AS010_v1_SKBR3.refine.bam.fastq,RN7SL5P:PRKAA1,chr9,9442245,+,chr5,40762076,-,Inf,0,2,NA,FALSE,TRUE,m84056_230620_213907_s3/172691174/ccs/9546_11896,187,LowConfidence,-
DepMap_AS010_v1_SKBR3.refine.bam.fastq,AHRR:PDCD6,chr5,321819,+,chr5,311293,+,10.512,0,1,FALSE,TRUE,TRUE,m84056_230620_213907_s3/128456521/ccs/6268_7059,123,PotentialTransSplicing,-
DepMap_AS010_v1_SKBR3.refine.bam.fastq,CCDC97:HNRNPUL1,chr19,41310356,+,chr19,41292245,+,18.108,0,1,FALSE,TRUE,TRUE,m84063_230620_211331_s3/147260802/ccs/44_2221,154,PotentialTransSplicing,-
DepMap_AS010_v1_SKBR3.refine.bam.fastq,FAR2:ERGIC2,chr12,29321924,+,chr12,29341816,-,19.892,0,1,FALSE,TRUE,TRUE,m84063_230620_211331_s3/59248510/ccs/9348_11607,1626,PotentialTransSplicing,-
DepMap_AS010_v1_SKBR3.refine.bam.fastq,ST3GAL4:DCPS,chr11,126355842,+,chr11,126331405,+,24.434,0,1,FALSE,TRUE,TRUE,m84056_230620_213907_s3/54526133/ccs/3924_4821,120,PotentialTransSplicing,Yes
DepMap_AS010_v1_SKBR3.refine.bam.fastq,PTGES3:NACA,chr12,56687998,-,chr12,56714687,-,26.687,0,1,FALSE,TRUE,TRUE,m84056_230620_213907_s3/261361848/ccs/1930_2750,140,PotentialTransSplicing,Yes
DepMap_AS010_v1_SKBR3.refine.bam.fastq,ADAM17:YWHAQ,chr2,9555509,-,chr2,9591515,-,36.004,0,1,FALSE,TRUE,TRUE,m84056_230620_213907_s3/70780294/ccs/8343_10330,240,PotentialTransSplicing,Yes
DepMap_AS010_v1_SKBR3.refine.bam.fastq,TRAM1:LACTB2,chr8,70600019,-,chr8,70638629,-,38.605,0,1,FALSE,TRUE,TRUE,m84056_230620_213907_s3/231080773/ccs/3240_3672,280,PotentialTransSplicing,-
DepMap_AS010_v1_SKBR3.refine.bam.fastq,NUSAP1:NDUFAF1,chr15,41349241,+,chr15,41388522,-,39.283,0,1,TRUE,TRUE,TRUE,m84056_230620_213907_s3/129565353/ccs/637_1319,386,PotentialTransSplicing,-
DepMap_AS010_v1_SKBR3.refine.bam.fastq,SPAG9:NME1,chr17,51120354,-,chr17,51159980,+,39.625,0,1,TRUE,TRUE,TRUE,m84056_230620_213907_s3/185534623/ccs/4822_5861,515,PotentialTransSplicing,-
DepMap_AS010_v1_SKBR3.refine.bam.fastq,MANBA:UBE2D3,chr4,102760718,-,chr4,102809855,-,49.132,0,1,TRUE,TRUE,TRUE,m84056_230620_213907_s3/76679436/ccs/1113_2557,203,PotentialTransSplicing,-
DepMap_AS010_v1_SKBR3.refine.bam.fastq,SCARB1:UBC,chr12,124863595,-,chr12,124913774,-,50.175,0,1,TRUE,TRUE,TRUE,m84056_230620_213907_s3/102040845/ccs/3293_5756,337,PotentialTransSplicing,-
DepMap_AS010_v1_SKBR3.refine.bam.fastq,XRCC6:NHP2L1,chr22,41628230,+,chr22,41680364,-,52.143,0,1,TRUE,TRUE,TRUE,m84056_230620_213907_s3/138352446/ccs/1517_2283,263,PotentialTransSplicing,-
DepMap_AS010_v1_SKBR3.refine.bam.fastq,TRAM1:LACTB2,chr8,70586895,-,chr8,70644243,-,57.345,0,1,TRUE,TRUE,TRUE,m84056_230620_213907_s3/35392685/ccs/43_1714,917,PotentialTransSplicing,-
DepMap_AS010_v1_SKBR3.refine.bam.fastq,TMC6:TK1,chr17,78117269,-,chr17,78175618,-,58.347,0,1,TRUE,TRUE,TRUE,m84056_230620_213907_s3/141888431/ccs/2449_5812,2294,PotentialTransSplicing,Yes
DepMap_AS010_v1_SKBR3.refine.bam.fastq,WDYHV1:ATAD2,chr8,123441349,+,chr8,123380677,-,60.67,0,1,FALSE,TRUE,TRUE,m84056_230620_213907_s3/42929715/ccs/4559_5323,171,PotentialTransSplicing,Yes
DepMap_AS010_v1_SKBR3.refine.bam.fastq,CRACR2B:TALDO1,chr11,826266,+,chr11,755879,+,70.384,0,1,FALSE,TRUE,TRUE,m84056_230620_213907_s3/94635555/ccs/6883_8136,172,PotentialTransSplicing,-
DepMap_AS010_v1_SKBR3.refine.bam.fastq,ATAD1:PAPSS2,chr10,87814438,-,chr10,87741235,+,73.204,0,1,TRUE,TRUE,TRUE,m84056_230620_213907_s3/173080913/ccs/6686_8096,200,PotentialTransSplicing,Yes
DepMap_AS010_v1_SKBR3.refine.bam.fastq,ARPC1B:ATP5J2-PTCD1,chr7,99386789,+,chr7,99460193,-,73.408,0,1,TRUE,TRUE,TRUE,m84056_230620_213907_s3/170852468/ccs/10948_11585,236,PotentialTransSplicing,-
DepMap_AS010_v1_SKBR3.refine.bam.fastq,DCLK2:LRBA,chr4,150203889,+,chr4,150278004,-,74.116,0,1,TRUE,TRUE,TRUE,m84056_230620_213907_s3/86180500/ccs/8555_11164,1311,PotentialTransSplicing,Yes
DepMap_AS010_v1_SKBR3.refine.bam.fastq,DNAJC3:UGGT2,chr13,95725252,+,chr13,95801812,-,76.556,0,1,FALSE,TRUE,TRUE,m84056_230620_213907_s3/63112055/ccs/3923_4648,496,PotentialTransSplicing,-
DepMap_AS010_v1_SKBR3.refine.bam.fastq,C11orf52:ALG9,chr11,111919004,+,chr11,111838399,-,80.603,0,1,FALSE,TRUE,TRUE,m84056_230620_213907_s3/43582199/ccs/6039_6928,94,PotentialTransSplicing,-
DepMap_AS010_v1_SKBR3.refine.bam.fastq,B4GALT1:DNAJA1,chr9,33120419,-,chr9,33036574,+,83.847,0,1,TRUE,TRUE,TRUE,m84056_230620_213907_s3/186843778/ccs/8250_10103,1006,PotentialTransSplicing,-
DepMap_AS010_v1_SKBR3.refine.bam.fastq,GATAD2B:NUP210L,chr1,153922733,-,chr1,154010121,-,87.382,0,1,FALSE,TRUE,TRUE,m84056_230620_213907_s3/54264817/ccs/44_839,223,PotentialTransSplicing,Yes
DepMap_AS010_v1_SKBR3.refine.bam.fastq,TRAM1:XKR9,chr8,70583164,-,chr8,70674818,+,91.649,0,1,FALSE,TRUE,TRUE,m84056_230620_213907_s3/245041770/ccs/2542_4584,1199,PotentialTransSplicing,-
DepMap_AS010_v1_SKBR3.refine.bam.fastq,ARCN1:KMT2A,chr11,118583358,+,chr11,118481715,+,101.64,0,1,FALSE,TRUE,TRUE,m84056_230620_213907_s3/259133572/ccs/10644_11657,582,PotentialTransSplicing,-
DepMap_AS010_v1_SKBR3.refine.bam.fastq,ST3GAL4:FAM118B,chr11,126355842,+,chr11,126250506,+,105.335,0,1,FALSE,TRUE,TRUE,m84056_230620_213907_s3/162268041/ccs/44_1385,119,PotentialTransSplicing,Yes
DepMap_AS010_v1_SKBR3.refine.bam.fastq,OSBPL2:PSMA7,chr20,62263691,+,chr20,62140944,-,122.745,0,1,TRUE,TRUE,TRUE,m84056_230620_213907_s3/254873727/ccs/7637_8662,425,PotentialTransSplicing,-
DepMap_AS010_v1_SKBR3.refine.bam.fastq,RANBP10:PSKH1,chr16,67772034,-,chr16,67908680,+,136.65,0,1,FALSE,TRUE,TRUE,m84056_230620_213907_s3/74845162/ccs/9450_13250,425,PotentialTransSplicing,-
DepMap_AS010_v1_SKBR3.refine.bam.fastq,TRMT11:NCOA7,chr6,125986622,+,chr6,125815291,+,171.328,0,1,TRUE,TRUE,TRUE,m84056_230620_213907_s3/112923245/ccs/7899_8345,85,PotentialTransSplicing,Yes
DepMap_AS010_v1_SKBR3.refine.bam.fastq,NDUFA4:PHF14,chr7,10940016,-,chr7,11111350,+,171.335,0,1,FALSE,TRUE,TRUE,m84063_230620_211331_s3/125765587/ccs/7832_8266,122,PotentialTransSplicing,-
DepMap_AS010_v1_SKBR3.refine.bam.fastq,FANCC:C9orf3,chr9,95240649,-,chr9,95060694,+,179.958,0,1,TRUE,TRUE,TRUE,m84056_230620_213907_s3/264573865/ccs/1922_3214,611,PotentialTransSplicing,-
DepMap_AS010_v1_SKBR3.refine.bam.fastq,PSMG4:RIPK1,chr6,3259196,+,chr6,3076764,+,182.43,0,1,TRUE,TRUE,TRUE,m84056_230620_213907_s3/218502712/ccs/7181_9916,216,PotentialTransSplicing,-
DepMap_AS010_v1_SKBR3.refine.bam.fastq,RNF115:POLR3GL,chr1,145784539,-,chr1,145974825,+,190.283,0,1,TRUE,TRUE,TRUE,m84056_230620_213907_s3/144573282/ccs/7427_8861,336,PotentialTransSplicing,-
DepMap_AS010_v1_SKBR3.refine.bam.fastq,RAB31:RALBP1,chr18,9708444,+,chr18,9512991,+,195.447,0,1,TRUE,TRUE,TRUE,m84056_230620_213907_s3/201984201/ccs/9473_10040,137,PotentialTransSplicing,Yes
DepMap_AS010_v1_SKBR3.refine.bam.fastq,TPD52:MRPS28,chr8,80218469,-,chr8,80003180,-,215.291,0,1,FALSE,TRUE,FALSE,m84056_230620_213907_s3/266212021/ccs/44_1490,834,PotentialTransSplicing,-
DepMap_AS010_v1_SKBR3.refine.bam.fastq,RAB31:VAPA,chr18,9708444,+,chr18,9931810,+,223.369,0,1,FALSE,TRUE,FALSE,m84056_230620_213907_s3/248845544/ccs/3056_4430,124,PotentialTransSplicing,Yes
DepMap_AS010_v1_SKBR3.refine.bam.fastq,KIF1B:UBE4B,chr1,10375373,+,chr1,10149184,+,226.188,0,1,TRUE,TRUE,TRUE,m84056_230620_213907_s3/30281840/ccs/6016_10302,2326,PotentialTransSplicing,Yes
DepMap_AS010_v1_SKBR3.refine.bam.fastq,TPD52:MRPS28,chr8,80171425,-,chr8,79919148,-,252.279,0,1,FALSE,TRUE,FALSE,m84056_230620_213907_s3/90900071/ccs/6615_7167,124,PotentialTransSplicing,-
DepMap_AS010_v1_SKBR3.refine.bam.fastq,MPHOSPH10:ZNF638,chr2,71134797,+,chr2,71395247,+,260.451,0,1,TRUE,TRUE,FALSE,m84056_230620_213907_s3/92409589/ccs/8891_10474,1127,PotentialTransSplicing,Yes
DepMap_AS010_v1_SKBR3.refine.bam.fastq,TMED4:H2AFV,chr7,44581093,-,chr7,44843354,-,262.257,0,1,TRUE,TRUE,TRUE,m84056_230620_213907_s3/107742415/ccs/812_2019,558,PotentialTransSplicing,-
DepMap_AS010_v1_SKBR3.refine.bam.fastq,TET2:PPA2,chr4,105190505,+,chr4,105453642,-,263.141,0,1,FALSE,TRUE,TRUE,m84063_230620_211331_s3/78973711/ccs/9048_10245,252,PotentialTransSplicing,-
DepMap_AS010_v1_SKBR3.refine.bam.fastq,RP11-680G10.1:GSE1,chr16,85357643,+,chr16,85633914,+,276.274,0,1,FALSE,TRUE,FALSE,m84056_230620_213907_s3/143986664/ccs/1946_5897,426,PotentialTransSplicing,-
DepMap_AS010_v1_SKBR3.refine.bam.fastq,RNF152:RP11-879F14.2,chr18,61892795,-,chr18,61592623,-,300.177,0,1,FALSE,TRUE,FALSE,m84056_230620_213907_s3/126944139/ccs/7306_7872,318,PotentialTransSplicing,-
DepMap_AS010_v1_SKBR3.refine.bam.fastq,EFCAB11:RP11-944C7.1,chr14,89931541,-,chr14,89629136,-,302.412,0,1,FALSE,TRUE,FALSE,m84056_230620_213907_s3/190779729/ccs/3305_3991,474,PotentialTransSplicing,-
DepMap_AS010_v1_SKBR3.refine.bam.fastq,HK1:KIAA1279,chr10,69319010,+,chr10,69000424,+,318.582,0,1,TRUE,TRUE,TRUE,m84056_230620_213907_s3/246681115/ccs/3568_5733,163,PotentialTransSplicing,-
DepMap_AS010_v1_SKBR3.refine.bam.fastq,TANGO6:CIRH1A,chr16,68843711,+,chr16,69168821,+,325.117,0,1,FALSE,TRUE,FALSE,m84063_230620_211331_s3/33425804/ccs/10754_11091,134,PotentialTransSplicing,-
DepMap_AS010_v1_SKBR3.refine.bam.fastq,ADAR:PBXIP1,chr1,154627855,-,chr1,154953757,-,325.899,0,1,FALSE,TRUE,TRUE,m84056_230620_213907_s3/50729925/ccs/74_2995,109,PotentialTransSplicing,-
DepMap_AS010_v1_SKBR3.refine.bam.fastq,UBXN2B:FAM110B,chr8,58416953,+,chr8,58075535,+,341.417,0,1,FALSE,TRUE,TRUE,m84056_230620_213907_s3/178783816/ccs/3057_5166,227,PotentialTransSplicing,-
DepMap_AS010_v1_SKBR3.refine.bam.fastq,RP13-188A5.1:KLF8,chrX,55908800,+,chrX,56250231,+,341.437,0,1,FALSE,TRUE,FALSE,m84063_230620_211331_s3/49022012/ccs/4484_6698,359,PotentialTransSplicing,-
DepMap_AS010_v1_SKBR3.refine.bam.fastq,FAM213A:TMEM254,chr10,80427496,+,chr10,80082145,+,345.348,0,1,FALSE,TRUE,TRUE,m84056_230620_213907_s3/171118633/ccs/1539_2516,690,PotentialTransSplicing,-
DepMap_AS010_v1_SKBR3.refine.bam.fastq,SIPA1L3:PSMD8,chr19,38029156,+,chr19,38379240,+,350.085,0,1,FALSE,TRUE,FALSE,m84056_230620_213907_s3/109383242/ccs/8203_9009,198,PotentialTransSplicing,-
DepMap_AS010_v1_SKBR3.refine.bam.fastq,NUP85:LLGL2,chr17,75215823,+,chr17,75568476,+,352.661,0,1,TRUE,TRUE,FALSE,m84056_230620_213907_s3/44895782/ccs/785_3688,535,PotentialTransSplicing,-
DepMap_AS010_v1_SKBR3.refine.bam.fastq,ETFA:FBXO22,chr15,76283757,-,chr15,75929884,+,353.876,0,1,TRUE,TRUE,TRUE,m84056_230620_213907_s3/180358178/ccs/8910_10321,808,PotentialTransSplicing,-
DepMap_AS010_v1_SKBR3.refine.bam.fastq,STAG1:MSL2,chr3,136521213,-,chr3,136152738,-,368.481,0,1,FALSE,TRUE,FALSE,m84056_230620_213907_s3/198314705/ccs/3677_7915,943,PotentialTransSplicing,Yes
DepMap_AS010_v1_SKBR3.refine.bam.fastq,UBE2Q2:ETFA,chr15,75854487,+,chr15,76231398,-,376.912,0,1,TRUE,TRUE,TRUE,m84063_230620_211331_s3/158204559/ccs/2378_3470,639,PotentialTransSplicing,-
DepMap_AS010_v1_SKBR3.refine.bam.fastq,TTC17:HSD17B12,chr11,43414776,+,chr11,43798320,+,383.545,0,1,TRUE,TRUE,FALSE,m84056_230620_213907_s3/182587485/ccs/74_4150,2264,PotentialTransSplicing,-
DepMap_AS010_v1_SKBR3.refine.bam.fastq,KMT2C:ACTR3B,chr7,152435626,-,chr7,152853494,+,417.867,0,1,FALSE,TRUE,TRUE,m84056_230620_213907_s3/63967437/ccs/7201_8381,182,PotentialTransSplicing,Yes
DepMap_AS010_v1_SKBR3.refine.bam.fastq,R3HDM1:RAB3GAP1,chr2,135531633,+,chr2,135113151,+,418.479,0,1,FALSE,TRUE,TRUE,m84063_230620_211331_s3/205327867/ccs/2140_6073,159,PotentialTransSplicing,-
DepMap_AS010_v1_SKBR3.refine.bam.fastq,XYLB:CTDSPL,chr3,38400985,+,chr3,37957111,+,443.87,0,1,TRUE,TRUE,TRUE,m84056_230620_213907_s3/213779100/ccs/3819_7060,1564,PotentialTransSplicing,-
DepMap_AS010_v1_SKBR3.refine.bam.fastq,UBR5:AZIN1,chr8,102412173,-,chr8,102858150,-,445.962,0,1,FALSE,TRUE,TRUE,m84056_230620_213907_s3/215812381/ccs/8679_13049,530,PotentialTransSplicing,-
DepMap_AS010_v1_SKBR3.refine.bam.fastq,RP11-486A14.2:EEA1,chr12,93328027,-,chr12,92864987,-,463.044,0,1,FALSE,TRUE,FALSE,m84056_230620_213907_s3/86577905/ccs/4474_5007,324,PotentialTransSplicing,-
DepMap_AS010_v1_SKBR3.refine.bam.fastq,USP14:TYMSOS,chr18,180339,+,chr18,649964,-,469.627,0,1,FALSE,TRUE,TRUE,m84056_230620_213907_s3/204342133/ccs/2550_3436,544,PotentialTransSplicing,-
DepMap_AS010_v1_SKBR3.refine.bam.fastq,PSME1:DHRS2,chr14,24136301,+,chr14,23639794,+,496.499,0,1,TRUE,TRUE,TRUE,m84056_230620_213907_s3/229119223/ccs/44_1054,101,PotentialTransSplicing,-
DepMap_AS010_v1_SKBR3.refine.bam.fastq,RP4-717I23.3:RPL5,chr1,93345540,-,chr1,92840551,+,504.992,0,1,FALSE,TRUE,TRUE,m84056_230620_213907_s3/246353027/ccs/1704_2154,208,PotentialTransSplicing,-
DepMap_AS010_v1_SKBR3.refine.bam.fastq,GPD1L:STT3B,chr3,32106758,+,chr3,31576396,+,530.356,0,1,TRUE,TRUE,TRUE,m84063_230620_211331_s3/149755568/ccs/1527_5228,101,PotentialTransSplicing,Yes
DepMap_AS010_v1_SKBR3.refine.bam.fastq,TSEN15:C1orf21,chr1,184054863,+,chr1,184590739,+,535.88,0,1,FALSE,TRUE,FALSE,m84056_230620_213907_s3/92079005/ccs/5732_6619,393,PotentialTransSplicing,-
DepMap_AS010_v1_SKBR3.refine.bam.fastq,ME1:UBE3D,chr6,83430877,-,chr6,82893042,-,537.847,0,1,TRUE,TRUE,FALSE,m84056_230620_213907_s3/110298223/ccs/6133_6905,198,PotentialTransSplicing,Yes
DepMap_AS010_v1_SKBR3.refine.bam.fastq,HELZ:NOL11,chr17,67201129,-,chr17,67743479,+,542.35,0,1,TRUE,TRUE,TRUE,m84056_230620_213907_s3/57544190/ccs/2940_4101,593,PotentialTransSplicing,-
DepMap_AS010_v1_SKBR3.refine.bam.fastq,TMEM242:SNX9,chr6,157318782,-,chr6,157896827,+,578.046,0,1,TRUE,TRUE,TRUE,m84056_230620_213907_s3/147196235/ccs/5199_7116,352,PotentialTransSplicing,-
DepMap_AS010_v1_SKBR3.refine.bam.fastq,PTPN3:IKBKAP,chr9,109463297,-,chr9,108882187,-,581.111,0,1,TRUE,TRUE,FALSE,m84056_230620_213907_s3/260968144/ccs/1657_3136,229,PotentialTransSplicing,-
DepMap_AS010_v1_SKBR3.refine.bam.fastq,RNF123:USP19,chr3,49691509,+,chr3,49108528,-,582.974,0,1,FALSE,TRUE,TRUE,m84056_230620_213907_s3/38997043/ccs/3708_4431,268,PotentialTransSplicing,-
DepMap_AS010_v1_SKBR3.refine.bam.fastq,ABCD3:ALG14,chr1,94418588,+,chr1,95027260,-,608.672,0,1,FALSE,TRUE,TRUE,m84056_230620_213907_s3/155128078/ccs/9644_10484,205,PotentialTransSplicing,-
DepMap_AS010_v1_SKBR3.refine.bam.fastq,CCDC144NL-AS1:SPECC1,chr17,20868685,+,chr17,20253505,+,615.175,0,1,FALSE,TRUE,TRUE,m84056_230620_213907_s3/80217546/ccs/44_1410,120,PotentialTransSplicing,-
DepMap_AS010_v1_SKBR3.refine.bam.fastq,FAM110A:NSFL1C,chr20,833951,+,chr20,1455132,-,621.185,0,1,FALSE,TRUE,TRUE,m84056_230620_213907_s3/147854309/ccs/3853_5163,265,PotentialTransSplicing,-
DepMap_AS010_v1_SKBR3.refine.bam.fastq,ERBB2:RARA,chr17,39700311,+,chr17,40330857,+,630.549,0,1,FALSE,TRUE,FALSE,m84056_230620_213907_s3/57151049/ccs/5120_8564,278,PotentialTransSplicing,-
DepMap_AS010_v1_SKBR3.refine.bam.fastq,ZNF148:UMPS,chr3,125375102,-,chr3,124735093,+,640.01,0,1,FALSE,TRUE,TRUE,m84056_230620_213907_s3/66326166/ccs/1182_3753,181,PotentialTransSplicing,-
DepMap_AS010_v1_SKBR3.refine.bam.fastq,KPNA6:SERINC2,chr1,32108134,+,chr1,31423693,+,684.438,0,1,FALSE,TRUE,TRUE,m84063_230620_211331_s3/162268140/ccs/4900_6798,90,PotentialTransSplicing,-
DepMap_AS010_v1_SKBR3.refine.bam.fastq,XRCC5:ATIC,chr2,216109457,+,chr2,215344779,+,764.677,0,1,TRUE,TRUE,TRUE,m84056_230620_213907_s3/30017507/ccs/2004_2749,85,PotentialTransSplicing,-
DepMap_AS010_v1_SKBR3.refine.bam.fastq,CCDC137:NARF,chr17,81666900,+,chr17,82485497,+,818.609,0,1,TRUE,TRUE,FALSE,m84063_230620_211331_s3/221843241/ccs/10171_10802,136,PotentialTransSplicing,-
DepMap_AS010_v1_SKBR3.refine.bam.fastq,TSPAN3:ETFA,chr15,77070892,-,chr15,76231398,-,839.496,0,1,TRUE,TRUE,FALSE,m84056_230620_213907_s3/29233256/ccs/7009_7642,190,PotentialTransSplicing,-
DepMap_AS010_v1_SKBR3.refine.bam.fastq,ALOX12-AS1:NAA38,chr17,7012196,-,chr17,7857198,-,844.998,0,1,FALSE,TRUE,TRUE,m84056_230620_213907_s3/202837841/ccs/4229_4711,141,PotentialTransSplicing,-
DepMap_AS010_v1_SKBR3.refine.bam.fastq,AGK:NDUFB2,chr7,141555567,+,chr7,140702866,+,852.696,0,1,TRUE,TRUE,TRUE,m84056_230620_213907_s3/158929972/ccs/12378_12854,155,PotentialTransSplicing,-
DepMap_AS010_v1_SKBR3.refine.bam.fastq,ATXN1:CAP2,chr6,16585780,-,chr6,17540973,+,955.19,0,1,FALSE,TRUE,TRUE,m84056_230620_213907_s3/37161264/ccs/7344_8625,425,PotentialTransSplicing,-
DepMap_AS010_v1_SKBR3.refine.bam.fastq,AKR1E2:GDI2,chr10,4830842,+,chr10,5800705,-,969.865,0,1,TRUE,TRUE,TRUE,m84056_230620_213907_s3/260901145/ccs/9972_12308,257,PotentialTransSplicing,-
DepMap_AS010_v1_SKBR3.refine.bam.fastq,DAZAP2:KRT7,chr12,51238920,+,chr12,52248177,+,1009.262,0,1,FALSE,TRUE,FALSE,m84056_230620_213907_s3/193792428/ccs/3958_4420,97,PotentialTransSplicing,-
DepMap_AS010_v1_SKBR3.refine.bam.fastq,ACOT11:RP11-466L17.1,chr1,54585904,+,chr1,55614921,+,1029.025,0,1,FALSE,TRUE,FALSE,m84056_230620_213907_s3/133892816/ccs/7052_7709,333,PotentialTransSplicing,-
DepMap_AS010_v1_SKBR3.refine.bam.fastq,ACOT11:RP11-466L17.1,chr1,54584862,+,chr1,55614921,+,1030.061,0,1,FALSE,TRUE,FALSE,m84056_230620_213907_s3/209719009/ccs/2344_2867,230,PotentialTransSplicing,-
DepMap_AS010_v1_SKBR3.refine.bam.fastq,C7orf50:MAD1L1,chr7,1028258,-,chr7,2069338,-,1041.077,0,1,FALSE,TRUE,TRUE,m84056_230620_213907_s3/266011845/ccs/43_1523,118,PotentialTransSplicing,Yes
DepMap_AS010_v1_SKBR3.refine.bam.fastq,NVL:LBR,chr1,224275339,-,chr1,225410416,-,1135.075,0,1,TRUE,TRUE,TRUE,m84056_230620_213907_s3/218173172/ccs/7376_11962,2125,PotentialTransSplicing,-
DepMap_AS010_v1_SKBR3.refine.bam.fastq,PSMD11:NF1,chr17,32464578,+,chr17,31325820,+,1138.752,0,1,FALSE,TRUE,TRUE,m84056_230620_213907_s3/193137616/ccs/4416_5335,473,PotentialTransSplicing,Yes
DepMap_AS010_v1_SKBR3.refine.bam.fastq,ACBD3:DNAH14,chr1,226152335,-,chr1,224967431,+,1184.905,0,1,FALSE,TRUE,TRUE,m84063_230620_211331_s3/20122210/ccs/936_1615,186,PotentialTransSplicing,-
DepMap_AS010_v1_SKBR3.refine.bam.fastq,GFM2:ANKRA2,chr5,74751368,-,chr5,73557640,-,1193.729,0,1,TRUE,TRUE,FALSE,m84063_230620_211331_s3/100012758/ccs/4169_5739,615,PotentialTransSplicing,-
DepMap_AS010_v1_SKBR3.refine.bam.fastq,TBC1D22A:ATXN10,chr22,46912188,+,chr22,45700282,+,1211.897,0,1,TRUE,TRUE,TRUE,m84056_230620_213907_s3/247400383/ccs/7426_9950,1173,PotentialTransSplicing,Yes
DepMap_AS010_v1_SKBR3.refine.bam.fastq,RNF145:CLINT1,chr5,159194716,-,chr5,157817547,-,1377.172,0,1,TRUE,TRUE,FALSE,m84056_230620_213907_s3/107282575/ccs/6293_10134,651,PotentialTransSplicing,-
DepMap_AS010_v1_SKBR3.refine.bam.fastq,ARHGEF7:TUBGCP3,chr13,111153991,+,chr13,112548176,-,1394.187,0,1,TRUE,TRUE,TRUE,m84063_230620_211331_s3/215157599/ccs/4170_5664,158,PotentialTransSplicing,-
DepMap_AS010_v1_SKBR3.refine.bam.fastq,CRTC1:CTC-260E6.6,chr19,18683828,+,chr19,20132587,-,1448.761,0,1,FALSE,TRUE,TRUE,m84063_230620_211331_s3/245372717/ccs/44_3366,179,PotentialTransSplicing,-
DepMap_AS010_v1_SKBR3.refine.bam.fastq,PIGT:EYA2,chr20,45416343,+,chr20,47001428,+,1585.088,0,1,TRUE,TRUE,FALSE,m84056_230620_213907_s3/87622269/ccs/1943_4362,205,PotentialTransSplicing,-
DepMap_AS010_v1_SKBR3.refine.bam.fastq,MGLL:SLC41A3,chr3,127821694,-,chr3,126051050,-,1770.649,0,1,FALSE,TRUE,FALSE,m84063_230620_211331_s3/87033911/ccs/72_2165,249,PotentialTransSplicing,-
DepMap_AS010_v1_SKBR3.refine.bam.fastq,KRT19:GRB7,chr17,41527828,-,chr17,39745913,+,1781.918,0,1,FALSE,TRUE,TRUE,m84063_230620_211331_s3/195889593/ccs/64_1262,482,PotentialTransSplicing,-
DepMap_AS010_v1_SKBR3.refine.bam.fastq,SAMD12:MRPL13,chr8,118439862,-,chr8,120443308,-,2003.445,0,1,FALSE,TRUE,TRUE,m84063_230620_211331_s3/247926851/ccs/1479_2640,392,PotentialTransSplicing,-
DepMap_AS010_v1_SKBR3.refine.bam.fastq,ERBB2:JUP,chr17,39715939,+,chr17,41755432,-,2039.495,0,1,FALSE,TRUE,TRUE,m84056_230620_213907_s3/105123886/ccs/7858_10408,1726,PotentialTransSplicing,Yes
DepMap_AS010_v1_SKBR3.refine.bam.fastq,ERP44:C9orf156,chr9,100057820,-,chr9,97913558,-,2144.266,0,1,TRUE,TRUE,FALSE,m84056_230620_213907_s3/105583665/ccs/5568_7160,323,PotentialTransSplicing,-
DepMap_AS010_v1_SKBR3.refine.bam.fastq,UAP1:PBX1,chr1,162561777,+,chr1,164821537,+,2259.765,0,1,FALSE,TRUE,FALSE,m84063_230620_211331_s3/135069833/ccs/74_852,249,PotentialTransSplicing,-
DepMap_AS010_v1_SKBR3.refine.bam.fastq,SH3BP4:EFHD1,chr2,234995376,+,chr2,232662802,+,2332.569,0,1,FALSE,TRUE,TRUE,m84056_230620_213907_s3/202837851/ccs/11977_13579,124,PotentialTransSplicing,-
DepMap_AS010_v1_SKBR3.refine.bam.fastq,ATP9A:ZFAS1,chr20,51656938,-,chr20,49289045,+,2367.896,0,1,FALSE,TRUE,TRUE,m84056_230620_213907_s3/235866462/ccs/44_1794,1538,PotentialTransSplicing,-
DepMap_AS010_v1_SKBR3.refine.bam.fastq,ARHGEF38:HADH,chr4,105552961,+,chr4,108033176,+,2480.224,0,1,TRUE,TRUE,FALSE,m84056_230620_213907_s3/256246581/ccs/5085_5764,310,PotentialTransSplicing,-
DepMap_AS010_v1_SKBR3.refine.bam.fastq,CGRRF1:C14orf166,chr14,54510063,+,chr14,51991317,+,2518.744,0,1,FALSE,TRUE,TRUE,m84056_230620_213907_s3/204605590/ccs/3740_4733,143,PotentialTransSplicing,-
DepMap_AS010_v1_SKBR3.refine.bam.fastq,TRPS1:SAMD12,chr8,115668545,-,chr8,118197732,-,2529.184,0,1,FALSE,TRUE,TRUE,m84063_230620_211331_s3/29560795/ccs/72_876,387,PotentialTransSplicing,-
DepMap_AS010_v1_SKBR3.refine.bam.fastq,ELK3:SOCS2,chr12,96194705,+,chr12,93572685,+,2622.017,0,1,FALSE,TRUE,TRUE,m84056_230620_213907_s3/29819986/ccs/10991_12169,231,PotentialTransSplicing,-
DepMap_AS010_v1_SKBR3.refine.bam.fastq,RP11-245P10.4:SRP9,chr1,228407478,+,chr1,225777935,+,2629.539,0,1,FALSE,TRUE,TRUE,m84056_230620_213907_s3/265950227/ccs/7382_9048,301,PotentialTransSplicing,-
DepMap_AS010_v1_SKBR3.refine.bam.fastq,RP11-120D5.1:OFD1,chrX,11055936,-,chrX,13735248,+,2679.309,0,1,FALSE,TRUE,TRUE,m84056_230620_213907_s3/66715718/ccs/2942_3999,372,PotentialTransSplicing,-
DepMap_AS010_v1_SKBR3.refine.bam.fastq,SCML2:SMS,chrX,18354592,-,chrX,21967196,+,3612.601,0,1,FALSE,TRUE,TRUE,m84056_230620_213907_s3/248516355/ccs/7487_9103,89,PotentialTransSplicing,-
DepMap_AS010_v1_SKBR3.refine.bam.fastq,ST3GAL4:APLP2,chr11,126355842,+,chr11,130109429,+,3753.591,0,1,FALSE,TRUE,FALSE,m84056_230620_213907_s3/177472150/ccs/9063_9740,147,PotentialTransSplicing,-
DepMap_AS010_v1_SKBR3.refine.bam.fastq,EIF2B5:RP11-132N15.3,chr3,184136736,+,chr3,187958963,-,3822.228,0,1,FALSE,TRUE,TRUE,m84056_230620_213907_s3/58132122/ccs/44_561,329,PotentialTransSplicing,-
DepMap_AS010_v1_SKBR3.refine.bam.fastq,SSX2IP:PKN2,chr1,84680338,-,chr1,88760222,+,4079.883,0,1,FALSE,TRUE,TRUE,m84056_230620_213907_s3/141955181/ccs/5907_8919,116,PotentialTransSplicing,-
DepMap_AS010_v1_SKBR3.refine.bam.fastq,SLC38A1:YAF2,chr12,46268865,-,chr12,42161765,-,4107.102,0,1,FALSE,TRUE,FALSE,m84063_230620_211331_s3/190780940/ccs/10741_11991,148,PotentialTransSplicing,-
DepMap_AS010_v1_SKBR3.refine.bam.fastq,TRPS1:TAF2,chr8,115668545,-,chr8,119819506,-,4150.959,0,1,FALSE,TRUE,TRUE,m84056_230620_213907_s3/91949056/ccs/7761_12820,456,PotentialTransSplicing,-
DepMap_AS010_v1_SKBR3.refine.bam.fastq,MED23:BCLAF1,chr6,131628011,-,chr6,136282687,-,4654.674,0,1,FALSE,TRUE,TRUE,m84056_230620_213907_s3/252253163/ccs/11180_13524,205,PotentialTransSplicing,-
DepMap_AS010_v1_SKBR3.refine.bam.fastq,MB21D2:RP11-211G3.3,chr3,192917630,-,chr3,187715622,+,5202.01,0,1,FALSE,TRUE,TRUE,m84063_230620_211331_s3/249368784/ccs/7078_7750,229,PotentialTransSplicing,-
DepMap_AS010_v1_SKBR3.refine.bam.fastq,DPH1:POLR2A,chr17,2030230,+,chr17,7499039,+,5468.814,0,1,FALSE,TRUE,FALSE,m84056_230620_213907_s3/235276639/ccs/2177_7268,80,PotentialTransSplicing,-
DepMap_AS010_v1_SKBR3.refine.bam.fastq,GMPR:TMEM14C,chr6,16254735,+,chr6,10728640,+,5526.093,0,1,FALSE,TRUE,TRUE,m84063_230620_211331_s3/216991347/ccs/7569_8715,551,PotentialTransSplicing,-
DepMap_AS010_v1_SKBR3.refine.bam.fastq,GUCD1:EIF4ENIF1,chr22,24554949,-,chr22,31455315,-,6900.363,0,1,TRUE,TRUE,TRUE,m84056_230620_213907_s3/115740820/ccs/6485_9100,236,PotentialTransSplicing,-
DepMap_AS010_v1_SKBR3.refine.bam.fastq,TNRC6A:ZNF720,chr16,24729846,+,chr16,31753766,+,7023.924,0,1,FALSE,TRUE,FALSE,m84056_230620_213907_s3/191042816/ccs/3100_3615,190,PotentialTransSplicing,-
DepMap_AS010_v1_SKBR3.refine.bam.fastq,SCFD1:ACIN1,chr14,30622399,+,chr14,23081836,-,7540.561,0,1,TRUE,TRUE,TRUE,m84056_230620_213907_s3/222561000/ccs/3948_4799,85,PotentialTransSplicing,-
DepMap_AS010_v1_SKBR3.refine.bam.fastq,LINC01004:ACN9,chr7,105012932,-,chr7,97181012,+,7831.914,0,1,FALSE,TRUE,TRUE,m84063_230620_211331_s3/41094359/ccs/4975_5391,125,PotentialTransSplicing,-
DepMap_AS010_v1_SKBR3.refine.bam.fastq,ACSL3:BARD1,chr2,222887888,+,chr2,214797117,-,8090.768,0,1,FALSE,TRUE,TRUE,m84056_230620_213907_s3/108991398/ccs/3848_4581,285,PotentialTransSplicing,-
DepMap_AS010_v1_SKBR3.refine.bam.fastq,AP1B1:MED15,chr22,29388424,-,chr22,20537117,+,8851.308,0,1,FALSE,TRUE,TRUE,m84063_230620_211331_s3/128845780/ccs/3745_6238,92,PotentialTransSplicing,-
DepMap_AS010_v1_SKBR3.refine.bam.fastq,TRAM1:MRPS28,chr8,70583164,-,chr8,79919148,-,9335.978,0,1,FALSE,TRUE,TRUE,m84056_230620_213907_s3/37880611/ccs/1647_3268,1191,PotentialTransSplicing,-
DepMap_AS010_v1_SKBR3.refine.bam.fastq,FUCA2:SLC18B1,chr6,143497389,-,chr6,132770336,-,10727.058,0,1,FALSE,TRUE,FALSE,m84056_230620_213907_s3/27922239/ccs/8656_10945,1330,PotentialTransSplicing,-
DepMap_AS010_v1_SKBR3.refine.bam.fastq,RABGEF1:MRPS17,chr7,66805396,+,chr7,55954909,+,10850.484,0,1,TRUE,TRUE,TRUE,m84056_230620_213907_s3/185926267/ccs/6800_8346,1195,PotentialTransSplicing,-
DepMap_AS010_v1_SKBR3.refine.bam.fastq,ZMYND8:GNAS,chr20,47347856,-,chr20,58895612,+,11547.76,0,1,TRUE,TRUE,TRUE,m84056_230620_213907_s3/219550281/ccs/6154_7541,116,PotentialTransSplicing,-
DepMap_AS010_v1_SKBR3.refine.bam.fastq,RPN2:ZFAS1,chr20,37184373,+,chr20,49289045,+,12104.678,0,1,FALSE,TRUE,FALSE,m84056_230620_213907_s3/259460188/ccs/5384_5820,224,PotentialTransSplicing,-
DepMap_AS010_v1_SKBR3.refine.bam.fastq,NRF1:ST7,chr7,129611824,+,chr7,117170862,+,12440.959,0,1,FALSE,TRUE,TRUE,m84056_230620_213907_s3/112922563/ccs/6412_7515,88,PotentialTransSplicing,-
DepMap_AS010_v1_SKBR3.refine.bam.fastq,SLC45A4:LINC00824,chr8,141253989,-,chr8,128428384,-,12825.608,0,1,FALSE,TRUE,FALSE,m84056_230620_213907_s3/50333919/ccs/2521_3978,466,PotentialTransSplicing,-
DepMap_AS010_v1_SKBR3.refine.bam.fastq,MIS18BP1:SCFD1,chr14,45253035,-,chr14,30734790,+,14518.248,0,1,FALSE,TRUE,TRUE,m84063_230620_211331_s3/83036281/ccs/6309_6738,156,PotentialTransSplicing,-
DepMap_AS010_v1_SKBR3.refine.bam.fastq,ATP2C2:NQO1,chr16,84398609,+,chr16,69715077,-,14683.531,0,1,TRUE,TRUE,TRUE,m84056_230620_213907_s3/100731052/ccs/6118_7091,320,PotentialTransSplicing,-
DepMap_AS010_v1_SKBR3.refine.bam.fastq,HIAT1:ATP1A1,chr1,100038316,+,chr1,116384014,+,16345.7,0,1,TRUE,TRUE,FALSE,m84056_230620_213907_s3/227215294/ccs/74_3684,222,PotentialTransSplicing,-
DepMap_AS010_v1_SKBR3.refine.bam.fastq,G3BP1:RARS,chr5,151791062,+,chr5,168493894,+,16702.836,0,1,FALSE,TRUE,FALSE,m84063_230620_211331_s3/133502588/ccs/3744_5206,486,PotentialTransSplicing,-
DepMap_AS010_v1_SKBR3.refine.bam.fastq,ATP2C2:DYNC1LI2,chr16,84398609,+,chr16,66729099,-,17669.513,0,1,TRUE,TRUE,TRUE,m84056_230620_213907_s3/246220215/ccs/3274_4118,285,PotentialTransSplicing,-
DepMap_AS010_v1_SKBR3.refine.bam.fastq,COPB2:NDUFB4,chr3,139389548,-,chr3,120601111,+,18788.441,0,1,TRUE,TRUE,TRUE,m84056_230620_213907_s3/100469074/ccs/74_443,103,PotentialTransSplicing,-
DepMap_AS010_v1_SKBR3.refine.bam.fastq,ECE1:GNB1,chr1,21260271,-,chr1,1789269,-,19471.003,0,1,TRUE,TRUE,FALSE,m84063_230620_211331_s3/193729095/ccs/9470_10815,719,PotentialTransSplicing,-
DepMap_AS010_v1_SKBR3.refine.bam.fastq,MKL1:XXbac-B135H6.15,chr22,40552106,-,chr22,20964391,+,19587.717,0,1,FALSE,TRUE,TRUE,m84056_230620_213907_s3/219942020/ccs/7408_8219,527,PotentialTransSplicing,-
DepMap_AS010_v1_SKBR3.refine.bam.fastq,ALDH9A1:GPR89A,chr1,165695252,-,chr1,145663329,+,20031.924,0,1,TRUE,TRUE,TRUE,m84056_230620_213907_s3/148639294/ccs/3175_4403,349,PotentialTransSplicing,-
DepMap_AS010_v1_SKBR3.refine.bam.fastq,NAPEPLD:NDUFA5,chr7,103128483,-,chr7,123550586,-,20422.099,0,1,TRUE,TRUE,TRUE,m84063_230620_211331_s3/249499477/ccs/1966_3366,622,PotentialTransSplicing,-
DepMap_AS010_v1_SKBR3.refine.bam.fastq,RPN2:VAPB,chr20,37213865,+,chr20,58438945,+,21225.082,0,1,TRUE,TRUE,FALSE,m84056_230620_213907_s3/242878923/ccs/74_2918,1121,PotentialTransSplicing,-
DepMap_AS010_v1_SKBR3.refine.bam.fastq,BLCAP:GNAS,chr20,37527793,-,chr20,58905383,+,21377.591,0,1,FALSE,TRUE,TRUE,m84056_230620_213907_s3/69469684/ccs/7215_8382,85,PotentialTransSplicing,-
DepMap_AS010_v1_SKBR3.refine.bam.fastq,CRYZ:SLC35A3,chr1,74714579,-,chr1,100011365,+,25296.785,0,1,TRUE,TRUE,TRUE,m84056_230620_213907_s3/227543199/ccs/7643_10084,560,PotentialTransSplicing,-
DepMap_AS010_v1_SKBR3.refine.bam.fastq,MOCOS:VAPA,chr18,36187681,+,chr18,9950395,+,26237.284,0,1,FALSE,TRUE,TRUE,m84056_230620_213907_s3/106040190/ccs/10058_11133,167,PotentialTransSplicing,-
DepMap_AS010_v1_SKBR3.refine.bam.fastq,CYTH1:NME1-NME2,chr17,78782202,-,chr17,51166827,+,27615.378,0,1,FALSE,TRUE,TRUE,m84056_230620_213907_s3/94571244/ccs/7585_8172,98,PotentialTransSplicing,-
DepMap_AS010_v1_SKBR3.refine.bam.fastq,NRBP1:RPS27A,chr2,27437360,+,chr2,55234831,+,27797.477,0,1,TRUE,TRUE,FALSE,m84063_230620_211331_s3/196871221/ccs/2084_3438,1044,PotentialTransSplicing,-
DepMap_AS010_v1_SKBR3.refine.bam.fastq,RSRC1:MBD4,chr3,158203245,+,chr3,129434136,-,28769.108,0,1,FALSE,TRUE,TRUE,m84056_230620_213907_s3/220533756/ccs/6879_8564,598,PotentialTransSplicing,-
DepMap_AS010_v1_SKBR3.refine.bam.fastq,EIF2AK1:PPIA,chr7,6054546,-,chr7,44801287,+,38746.74,0,1,FALSE,TRUE,TRUE,m84056_230620_213907_s3/244974605/ccs/6525_7203,356,PotentialTransSplicing,-
DepMap_AS010_v1_SKBR3.refine.bam.fastq,TRUB1:ADK,chr10,114942743,+,chr10,74708321,+,40234.42,0,1,TRUE,TRUE,TRUE,m84063_230620_211331_s3/71635215/ccs/10048_10677,411,PotentialTransSplicing,-
DepMap_AS010_v1_SKBR3.refine.bam.fastq,TBC1D31:ZNF704,chr8,123077257,+,chr8,80821615,-,42255.641,0,1,FALSE,TRUE,TRUE,m84056_230620_213907_s3/214570446/ccs/2502_3851,284,PotentialTransSplicing,Yes
DepMap_AS010_v1_SKBR3.refine.bam.fastq,RB1CC1:TNKS,chr8,52714075,-,chr8,9580159,+,43133.914,0,1,FALSE,TRUE,TRUE,m84056_230620_213907_s3/163845162/ccs/44_5882,373,PotentialTransSplicing,-
DepMap_AS010_v1_SKBR3.refine.bam.fastq,MED1:RAB40B,chr17,39427701,-,chr17,82664556,-,43236.853,0,1,TRUE,TRUE,TRUE,m84056_230620_213907_s3/211948766/ccs/6150_8360,944,PotentialTransSplicing,-
DepMap_AS010_v1_SKBR3.refine.bam.fastq,MTSS1:RP11-941H19.3,chr8,124580551,-,chr8,80288817,+,44291.735,0,1,FALSE,TRUE,TRUE,m84063_230620_211331_s3/249369055/ccs/8987_9837,418,PotentialTransSplicing,-
DepMap_AS010_v1_SKBR3.refine.bam.fastq,ZHX2:LACTB2,chr8,122781946,+,chr8,70661897,-,52120.046,0,1,FALSE,TRUE,TRUE,m84056_230620_213907_s3/37160747/ccs/6768_8079,643,PotentialTransSplicing,-
DepMap_AS010_v1_SKBR3.refine.bam.fastq,ROBO1:UBE2E2,chr3,78685746,-,chr3,23589734,+,55096.015,0,1,TRUE,TRUE,TRUE,m84056_230620_213907_s3/154079027/ccs/4291_7058,1916,PotentialTransSplicing,-
DepMap_AS010_v1_SKBR3.refine.bam.fastq,VPS29:ATP5G2,chr12,110496012,-,chr12,53665428,-,56830.587,0,1,FALSE,TRUE,FALSE,m84063_230620_211331_s3/52303714/ccs/7485_8002,265,PotentialTransSplicing,-
DepMap_AS010_v1_SKBR3.refine.bam.fastq,FNBP1L:THRAP3,chr1,93448305,+,chr1,36282533,+,57165.769,0,1,TRUE,TRUE,TRUE,m84056_230620_213907_s3/261166400/ccs/4364_5672,191,PotentialTransSplicing,-
DepMap_AS010_v1_SKBR3.refine.bam.fastq,ETNK1:ACSS3,chr12,22625586,+,chr12,81143107,+,58517.523,0,1,TRUE,TRUE,FALSE,m84056_230620_213907_s3/248713504/ccs/2533_4619,395,PotentialTransSplicing,-
DepMap_AS010_v1_SKBR3.refine.bam.fastq,NOMO1:GLG1,chr16,14854026,+,chr16,74532153,-,59678.129,0,1,TRUE,TRUE,TRUE,m84056_230620_213907_s3/157094736/ccs/2166_6465,1022,PotentialTransSplicing,-
DepMap_AS010_v1_SKBR3.refine.bam.fastq,ATP2A2:SCAF11,chr12,110282795,+,chr12,45919309,-,64363.485,0,1,FALSE,TRUE,TRUE,m84056_230620_213907_s3/97981124/ccs/3533_4086,376,PotentialTransSplicing,-
DepMap_AS010_v1_SKBR3.refine.bam.fastq,NBPF19:NVL,chr1,149390922,+,chr1,224250318,-,74859.398,0,1,FALSE,TRUE,TRUE,m84056_230620_213907_s3/217975432/ccs/2890_3843,309,PotentialTransSplicing,-
DepMap_AS010_v1_SKBR3.refine.bam.fastq,GPSM2:ASPM,chr1,108877228,+,chr1,197105185,-,88227.96,0,1,FALSE,TRUE,TRUE,m84056_230620_213907_s3/116066991/ccs/1799_4589,228,PotentialTransSplicing,-
DepMap_AS010_v1_SKBR3.refine.bam.fastq,HSPE1-MOB4:FHL2,chr2,197523686,+,chr2,105386540,-,92137.141,0,1,TRUE,TRUE,TRUE,m84056_230620_213907_s3/124849453/ccs/8990_10722,138,PotentialTransSplicing,-
DepMap_AS010_v1_SKBR3.refine.bam.fastq,NOP58:RP11-734K23.9,chr2,202278002,+,chr2,97284044,+,104993.954,0,1,FALSE,TRUE,TRUE,m84056_230620_213907_s3/136905835/ccs/8091_8943,348,PotentialTransSplicing,-
DepMap_AS010_v1_SKBR3.refine.bam.fastq,RPL22:DENND2D,chr1,6192930,-,chr1,111192317,-,104999.384,0,1,TRUE,TRUE,TRUE,m84056_230620_213907_s3/92869082/ccs/44_1348,266,PotentialTransSplicing,-
DepMap_AS010_v1_SKBR3.refine.bam.fastq,HIST1H2BC:TIAM2,chr6,26123515,-,chr6,154907730,+,128784.219,0,1,FALSE,TRUE,TRUE,m84056_230620_213907_s3/237307162/ccs/4705_6166,414,PotentialTransSplicing,-
DepMap_AS010_v1_SKBR3.refine.bam.fastq,WDR37:STK32C,chr10,1096246,+,chr10,132209101,-,131112.855,0,1,TRUE,TRUE,TRUE,m84056_230620_213907_s3/238552209/ccs/2949_4600,923,PotentialTransSplicing,-
DepMap_AS010_v1_SKBR3.refine.bam.fastq,RAPH1:UGP2,chr2,203535111,-,chr2,63882466,+,139652.646,0,1,FALSE,TRUE,TRUE,m84056_230620_213907_s3/208273490/ccs/6318_8185,260,PotentialTransSplicing,-
DepMap_AS010_v1_SKBR3.refine.bam.fastq,TCEB3-AS1:SOAT1,chr1,23772111,-,chr1,179323437,+,155551.323,0,1,FALSE,TRUE,TRUE,m84056_230620_213907_s3/63968816/ccs/74_2618,305,PotentialTransSplicing,-
DepMap_AS010_v1_SKBR3.refine.bam.fastq,MECOM:LMCD1-AS1,chr3,169381187,-,chr3,7992302,-,161388.888,0,1,FALSE,TRUE,FALSE,m84056_230620_213907_s3/34408134/ccs/10741_14272,395,PotentialTransSplicing,-
DepMap_AS010_v1_SKBR3.refine.bam.fastq,TM2D1:SRP9,chr1,61723713,-,chr1,225777935,+,164054.22,0,1,FALSE,TRUE,TRUE,m84056_230620_213907_s3/37227371/ccs/5894_7521,261,PotentialTransSplicing,-
DepMap_AS010_v1_SKBR3.refine.bam.fastq,CCNL2:PRRC2C,chr1,1392790,-,chr1,171517591,+,170124.801,0,1,TRUE,TRUE,TRUE,m84056_230620_213907_s3/66390654/ccs/5840_7099,704,PotentialTransSplicing,-
DepMap_AS010_v1_SKBR3.refine.bam.fastq,BCCIP:CPNE3,chr10,125833946,+,chr8,86547711,+,Inf,0,1,TRUE,TRUE,TRUE,m84056_230620_213907_s3/32249160/ccs/487_3231,786,PotentialTransSplicing,-
DepMap_AS010_v1_SKBR3.refine.bam.fastq,ZMYND11:SRP9,chr10,180128,+,chr1,225777935,+,Inf,0,1,FALSE,TRUE,TRUE,m84056_230620_213907_s3/250022974/ccs/5779_7322,178,PotentialTransSplicing,-
DepMap_AS010_v1_SKBR3.refine.bam.fastq,HERC4:PAIP2B,chr10,68072883,-,chr2,71202600,-,Inf,0,1,FALSE,TRUE,TRUE,m84056_230620_213907_s3/199890149/ccs/14288_15318,476,PotentialTransSplicing,-
DepMap_AS010_v1_SKBR3.refine.bam.fastq,CAMK2G:TCF25,chr10,73874397,-,chr16,89910591,+,Inf,0,1,FALSE,TRUE,TRUE,m84056_230620_213907_s3/230558145/ccs/4816_5346,160,PotentialTransSplicing,-
DepMap_AS010_v1_SKBR3.refine.bam.fastq,NPAT:HBS1L,chr11,108222500,-,chr6,135002842,-,Inf,0,1,TRUE,TRUE,TRUE,m84056_230620_213907_s3/162072739/ccs/2346_4330,102,PotentialTransSplicing,-
DepMap_AS010_v1_SKBR3.refine.bam.fastq,ACAD8:CSTF1,chr11,134259745,+,chr20,56403468,+,Inf,0,1,FALSE,TRUE,TRUE,m84056_230620_213907_s3/240781531/ccs/7112_8425,732,PotentialTransSplicing,-
DepMap_AS010_v1_SKBR3.refine.bam.fastq,PSMA1:ATPAF2,chr11,14514403,-,chr17,18016260,-,Inf,0,1,FALSE,TRUE,TRUE,m84056_230620_213907_s3/245503278/ccs/4747_6349,402,PotentialTransSplicing,-
DepMap_AS010_v1_SKBR3.refine.bam.fastq,MAD2L2:PSMG3,chr1,11680353,-,chr7,1569360,-,Inf,0,1,TRUE,TRUE,TRUE,m84063_230620_211331_s3/227739212/ccs/44_1209,412,PotentialTransSplicing,-
DepMap_AS010_v1_SKBR3.refine.bam.fastq,HPS5:GNAS,chr11,18321946,-,chr20,58895612,+,Inf,0,1,FALSE,TRUE,TRUE,m84056_230620_213907_s3/77925265/ccs/1954_3454,187,PotentialTransSplicing,-
DepMap_AS010_v1_SKBR3.refine.bam.fastq,RP13-726E6.2:TAF2,chr11,3580927,-,chr8,119762608,-,Inf,0,1,FALSE,TRUE,TRUE,m84056_230620_213907_s3/239538829/ccs/10833_12276,345,PotentialTransSplicing,-
DepMap_AS010_v1_SKBR3.refine.bam.fastq,MADD:PSMB1,chr11,47281753,+,chr6,170549113,-,Inf,0,1,TRUE,TRUE,TRUE,m84056_230620_213907_s3/212799021/ccs/9182_11576,1682,PotentialTransSplicing,-
DepMap_AS010_v1_SKBR3.refine.bam.fastq,PTPRJ:RPL41,chr11,48112983,+,chr12,56116775,+,Inf,0,1,FALSE,TRUE,TRUE,m84056_230620_213907_s3/189727786/ccs/4013_5025,614,PotentialTransSplicing,-
DepMap_AS010_v1_SKBR3.refine.bam.fastq,NBPF19:LSM14A,chr1,149390922,+,chr19,34194478,+,Inf,0,1,FALSE,TRUE,TRUE,m84056_230620_213907_s3/130155801/ccs/1553_5043,312,PotentialTransSplicing,-
DepMap_AS010_v1_SKBR3.refine.bam.fastq,POGZ:LITAF,chr1,151459152,-,chr16,11556735,-,Inf,0,1,FALSE,TRUE,TRUE,m84056_230620_213907_s3/65210245/ccs/7901_9755,328,PotentialTransSplicing,-
DepMap_AS010_v1_SKBR3.refine.bam.fastq,GATAD2B:DCUN1D2,chr1,153922733,-,chr13,113461136,-,Inf,0,1,FALSE,TRUE,TRUE,m84056_230620_213907_s3/167314349/ccs/44_1170,253,PotentialTransSplicing,-
DepMap_AS010_v1_SKBR3.refine.bam.fastq,IQGAP3:C9orf3,chr1,156563134,-,chr9,95086682,+,Inf,0,1,FALSE,TRUE,TRUE,m84056_230620_213907_s3/54395010/ccs/3420_4717,821,PotentialTransSplicing,-
DepMap_AS010_v1_SKBR3.refine.bam.fastq,CTNND1:TGIF1,chr11,57762046,+,chr18,3456354,+,Inf,0,1,FALSE,TRUE,TRUE,m84056_230620_213907_s3/193727735/ccs/5214_6674,247,PotentialTransSplicing,-
DepMap_AS010_v1_SKBR3.refine.bam.fastq,RELA:SERHL2,chr11,65661687,-,chr22,42572436,+,Inf,0,1,TRUE,TRUE,TRUE,m84056_230620_213907_s3/57936659/ccs/74_1055,440,PotentialTransSplicing,-
DepMap_AS010_v1_SKBR3.refine.bam.fastq,KAT5:RP11-1149O23.3,chr11,65714910,+,chr8,23228066,+,Inf,0,1,FALSE,TRUE,TRUE,m84056_230620_213907_s3/77336185/ccs/7280_9128,792,PotentialTransSplicing,-
DepMap_AS010_v1_SKBR3.refine.bam.fastq,TPCN2:IPO13,chr11,69070495,+,chr1,43967315,+,Inf,0,1,FALSE,TRUE,TRUE,m84056_230620_213907_s3/106762487/ccs/8631_9849,869,PotentialTransSplicing,-
DepMap_AS010_v1_SKBR3.refine.bam.fastq,NADSYN1:ASPSCR1,chr11,71474526,+,chr17,82009037,+,Inf,0,1,TRUE,TRUE,TRUE,m84063_230620_211331_s3/237044518/ccs/44_1758,901,PotentialTransSplicing,-
DepMap_AS010_v1_SKBR3.refine.bam.fastq,RPL27A:ADK,chr11,8684892,+,chr10,74600379,+,Inf,0,1,TRUE,TRUE,TRUE,m84056_230620_213907_s3/35389659/ccs/5534_6294,342,PotentialTransSplicing,-
DepMap_AS010_v1_SKBR3.refine.bam.fastq,IPO7:MRPS6,chr11,9410086,+,chr21,34142408,+,Inf,0,1,TRUE,TRUE,TRUE,m84056_230620_213907_s3/233639244/ccs/7151_8315,593,PotentialTransSplicing,-
DepMap_AS010_v1_SKBR3.refine.bam.fastq,KDM5B:UBQLN1,chr1,202773118,-,chr9,83686155,-,Inf,0,1,TRUE,TRUE,TRUE,m84056_230620_213907_s3/204342199/ccs/72_2570,694,PotentialTransSplicing,-
DepMap_AS010_v1_SKBR3.refine.bam.fastq,GIT2:ACSL3,chr12,109996173,-,chr2,222887830,+,Inf,0,1,FALSE,TRUE,TRUE,m84056_230620_213907_s3/54724078/ccs/3558_6157,197,PotentialTransSplicing,-
DepMap_AS010_v1_SKBR3.refine.bam.fastq,GPN3:GOLGA4,chr12,110455586,-,chr3,37286014,+,Inf,0,1,TRUE,TRUE,TRUE,m84056_230620_213907_s3/34081000/ccs/6652_8827,704,PotentialTransSplicing,-
DepMap_AS010_v1_SKBR3.refine.bam.fastq,TMEM116:TUBA8,chr12,112003800,-,chr22,18121479,+,Inf,0,1,TRUE,TRUE,TRUE,m84056_230620_213907_s3/37618228/ccs/3176_4078,224,PotentialTransSplicing,-
DepMap_AS010_v1_SKBR3.refine.bam.fastq,ERP29:FLOT1,chr12,112013609,+,chr6,30731100,-,Inf,0,1,TRUE,TRUE,TRUE,m84063_230620_211331_s3/205915375/ccs/2903_3919,170,PotentialTransSplicing,-
DepMap_AS010_v1_SKBR3.refine.bam.fastq,ABCB9:DNAJB6,chr12,122959635,-,chr7,157366502,+,Inf,0,1,TRUE,TRUE,TRUE,m84056_230620_213907_s3/197793300/ccs/43_2055,854,PotentialTransSplicing,-
DepMap_AS010_v1_SKBR3.refine.bam.fastq,ADIPOR2:GTSE1,chr12,1754514,+,chr22,46323190,+,Inf,0,1,FALSE,TRUE,TRUE,m84056_230620_213907_s3/146149993/ccs/3710_5297,446,PotentialTransSplicing,-
DepMap_AS010_v1_SKBR3.refine.bam.fastq,C1orf86:C9orf3,chr1,2193639,-,chr9,95086682,+,Inf,0,1,FALSE,TRUE,TRUE,m84056_230620_213907_s3/219219503/ccs/6564_7988,947,PotentialTransSplicing,-
DepMap_AS010_v1_SKBR3.refine.bam.fastq,TTC13:TAF15,chr1,230958224,-,chr17,35834566,+,Inf,0,1,TRUE,TRUE,TRUE,m84056_230620_213907_s3/250217359/ccs/5219_7001,463,PotentialTransSplicing,-
DepMap_AS010_v1_SKBR3.refine.bam.fastq,GNPAT:FKBP11,chr1,231260683,+,chr12,48925111,-,Inf,0,1,TRUE,TRUE,TRUE,m84063_230620_211331_s3/112920990/ccs/2910_3983,608,PotentialTransSplicing,-
DepMap_AS010_v1_SKBR3.refine.bam.fastq,MORN1:ILF3,chr1,2388239,-,chr19,10689179,+,Inf,0,1,TRUE,TRUE,TRUE,m84056_230620_213907_s3/218042348/ccs/44_961,269,PotentialTransSplicing,-
DepMap_AS010_v1_SKBR3.refine.bam.fastq,RER1:PTP4A1,chr1,2397220,+,chr6,63576436,+,Inf,0,1,TRUE,TRUE,TRUE,m84063_230620_211331_s3/230168508/ccs/8808_11349,291,PotentialTransSplicing,-
DepMap_AS010_v1_SKBR3.refine.bam.fastq,PCED1B:SRP9,chr12,47216689,+,chr1,225777935,+,Inf,0,1,FALSE,TRUE,TRUE,m84056_230620_213907_s3/139854429/ccs/2201_3960,393,PotentialTransSplicing,-
DepMap_AS010_v1_SKBR3.refine.bam.fastq,DDX23:L3MBTL3,chr12,48852084,-,chr6,130022227,+,Inf,0,1,FALSE,TRUE,TRUE,m84056_230620_213907_s3/110429772/ccs/2226_6354,81,PotentialTransSplicing,-
DepMap_AS010_v1_SKBR3.refine.bam.fastq,TROAP:DHRS2,chr12,49329454,+,chr14,23643152,+,Inf,0,1,TRUE,TRUE,TRUE,m84056_230620_213907_s3/204538015/ccs/5822_7880,1251,PotentialTransSplicing,-
DepMap_AS010_v1_SKBR3.refine.bam.fastq,SCN8A:STAG2,chr12,51687219,+,chrX,124094018,+,Inf,0,1,TRUE,TRUE,TRUE,m84056_230620_213907_s3/79233164/ccs/5174_6640,951,PotentialTransSplicing,-
DepMap_AS010_v1_SKBR3.refine.bam.fastq,MYL6:BRAT1,chr12,56159622,+,chr7,2543323,-,Inf,0,1,FALSE,TRUE,TRUE,m84063_230620_211331_s3/229578560/ccs/3947_5907,109,PotentialTransSplicing,-
DepMap_AS010_v1_SKBR3.refine.bam.fastq,MYL6:ABCD1,chr12,56159622,+,chrX,153729232,+,Inf,0,1,FALSE,TRUE,TRUE,m84056_230620_213907_s3/125440799/ccs/5385_7767,129,PotentialTransSplicing,-
DepMap_AS010_v1_SKBR3.refine.bam.fastq,ATP5B:CCDC84,chr12,56643403,-,chr11,119013232,+,Inf,0,1,TRUE,TRUE,TRUE,m84063_230620_211331_s3/118755959/ccs/8099_9377,815,PotentialTransSplicing,-
DepMap_AS010_v1_SKBR3.refine.bam.fastq,XPOT:NRD1,chr12,64410095,+,chr1,51814813,-,Inf,0,1,FALSE,TRUE,TRUE,m84063_230620_211331_s3/13634901/ccs/1844_4350,466,PotentialTransSplicing,-
DepMap_AS010_v1_SKBR3.refine.bam.fastq,CPSF6:EZR,chr12,69239706,+,chr6,158771407,-,Inf,0,1,TRUE,TRUE,TRUE,m84056_230620_213907_s3/203424312/ccs/2849_5098,125,PotentialTransSplicing,-
DepMap_AS010_v1_SKBR3.refine.bam.fastq,A2ML1-AS1:WIPI2,chr12,8830662,-,chr7,5222602,+,Inf,0,1,FALSE,TRUE,TRUE,m84056_230620_213907_s3/118098002/ccs/4633_6076,172,PotentialTransSplicing,-
DepMap_AS010_v1_SKBR3.refine.bam.fastq,PCCA:SNTB2,chr13,100309908,+,chr16,69245602,+,Inf,0,1,TRUE,TRUE,TRUE,m84056_230620_213907_s3/196216667/ccs/5991_8544,1438,PotentialTransSplicing,-
DepMap_AS010_v1_SKBR3.refine.bam.fastq,PUM1:CTD-2410N18.5,chr1,31059204,-,chr5,134174022,-,Inf,0,1,TRUE,TRUE,TRUE,m84056_230620_213907_s3/50530369/ccs/8276_9591,459,PotentialTransSplicing,-
DepMap_AS010_v1_SKBR3.refine.bam.fastq,TMCO3:MYO6,chr13,113520733,+,chr6,75907605,+,Inf,0,1,TRUE,TRUE,TRUE,m84056_230620_213907_s3/156106831/ccs/3490_6943,1585,PotentialTransSplicing,-
DepMap_AS010_v1_SKBR3.refine.bam.fastq,CHAMP1:SEC11C,chr13,114314643,+,chr18,59149513,+,Inf,0,1,FALSE,TRUE,TRUE,m84056_230620_213907_s3/149030040/ccs/8376_9127,115,PotentialTransSplicing,-
DepMap_AS010_v1_SKBR3.refine.bam.fastq,HSP90AA1:RPL19,chr14,102139250,-,chr17,39201213,+,Inf,0,1,FALSE,TRUE,TRUE,m84063_230620_211331_s3/96669687/ccs/5839_6939,435,PotentialTransSplicing,-
DepMap_AS010_v1_SKBR3.refine.bam.fastq,SIVA1:C9orf3,chr14,104753319,+,chr9,95086682,+,Inf,0,1,FALSE,TRUE,TRUE,m84063_230620_211331_s3/210177631/ccs/11282_11930,172,PotentialTransSplicing,-
DepMap_AS010_v1_SKBR3.refine.bam.fastq,HNRNPC:MTBP,chr14,21263311,-,chr8,120518704,+,Inf,0,1,FALSE,TRUE,TRUE,m84056_230620_213907_s3/195037295/ccs/9176_9845,152,PotentialTransSplicing,-
DepMap_AS010_v1_SKBR3.refine.bam.fastq,BCL2L2:KANSL2,chr14,23308199,+,chr12,48655060,-,Inf,0,1,TRUE,TRUE,TRUE,m84063_230620_211331_s3/37163181/ccs/2361_3789,565,PotentialTransSplicing,-
DepMap_AS010_v1_SKBR3.refine.bam.fastq,NUBPL:MDFIC,chr14,31599379,+,chr7,115015688,+,Inf,0,1,TRUE,TRUE,TRUE,m84056_230620_213907_s3/43781878/ccs/74_1434,402,PotentialTransSplicing,-
DepMap_AS010_v1_SKBR3.refine.bam.fastq,RALGAPA1:C9orf3,chr14,35770942,-,chr9,95086682,+,Inf,0,1,FALSE,TRUE,TRUE,m84056_230620_213907_s3/70325381/ccs/7778_9036,787,PotentialTransSplicing,-
DepMap_AS010_v1_SKBR3.refine.bam.fastq,NASP:SLC25A3,chr1,45591270,+,chr12,98595727,+,Inf,0,1,FALSE,TRUE,TRUE,m84056_230620_213907_s3/177933722/ccs/8986_10483,392,PotentialTransSplicing,-
DepMap_AS010_v1_SKBR3.refine.bam.fastq,WDR89:NDUFAF1,chr14,63641299,-,chr15,41388522,-,Inf,0,1,FALSE,TRUE,TRUE,m84063_230620_211331_s3/204017069/ccs/7888_8584,399,PotentialTransSplicing,-
DepMap_AS010_v1_SKBR3.refine.bam.fastq,C14orf159:UBE2D2,chr14,91125624,+,chr5,139600372,+,Inf,0,1,FALSE,TRUE,TRUE,m84056_230620_213907_s3/140381578/ccs/7368_7925,88,PotentialTransSplicing,-
DepMap_AS010_v1_SKBR3.refine.bam.fastq,AC145212.2:NFYB,chr14_GL000194v1_random,112792,-,chr12,104135532,-,Inf,0,1,TRUE,TRUE,TRUE,m84056_230620_213907_s3/116720922/ccs/2131_4696,128,PotentialTransSplicing,-
DepMap_AS010_v1_SKBR3.refine.bam.fastq,DNAJC17:CHAF1A,chr15,40807369,-,chr19,4442245,+,Inf,0,1,TRUE,TRUE,TRUE,m84056_230620_213907_s3/75961699/ccs/2365_3041,107,PotentialTransSplicing,-
DepMap_AS010_v1_SKBR3.refine.bam.fastq,CASC4:HNRNPA1,chr15,44338317,+,chr12,54286662,+,Inf,0,1,FALSE,TRUE,TRUE,m84056_230620_213907_s3/180425221/ccs/1513_2786,1068,PotentialTransSplicing,-
DepMap_AS010_v1_SKBR3.refine.bam.fastq,MYO5C:PMS1,chr15,52295610,-,chr2,189791790,+,Inf,0,1,TRUE,TRUE,TRUE,m84056_230620_213907_s3/225969423/ccs/1195_3025,172,PotentialTransSplicing,-
DepMap_AS010_v1_SKBR3.refine.bam.fastq,ANXA2:GTF2IRD2B,chr15,60382342,-,chr7,75112397,+,Inf,0,1,FALSE,TRUE,TRUE,m84056_230620_213907_s3/90246686/ccs/9116_9702,287,PotentialTransSplicing,-
DepMap_AS010_v1_SKBR3.refine.bam.fastq,KIAA0101:PPME1,chr15,64376743,-,chr11,74235901,+,Inf,0,1,TRUE,TRUE,TRUE,m84056_230620_213907_s3/155910691/ccs/4358_6432,364,PotentialTransSplicing,-
DepMap_AS010_v1_SKBR3.refine.bam.fastq,RP11-253M7.1:HECTD4,chr15,69414152,-,chr12,112219489,-,Inf,0,1,FALSE,TRUE,TRUE,m84056_230620_213907_s3/219940239/ccs/9408_18750,871,PotentialTransSplicing,-
DepMap_AS010_v1_SKBR3.refine.bam.fastq,TSPAN3:LYPD6B,chr15,77070892,-,chr2,149160764,+,Inf,0,1,FALSE,TRUE,TRUE,m84063_230620_211331_s3/34411275/ccs/9507_10898,230,PotentialTransSplicing,-
DepMap_AS010_v1_SKBR3.refine.bam.fastq,TSPAN3:CSNK1A1,chr15,77070892,-,chr5,149525171,-,Inf,0,1,FALSE,TRUE,TRUE,m84056_230620_213907_s3/94178169/ccs/2127_3900,159,PotentialTransSplicing,-
DepMap_AS010_v1_SKBR3.refine.bam.fastq,LINC00052:PRPF39,chr15,87577047,+,chr14,45107451,+,Inf,0,1,FALSE,TRUE,TRUE,m84056_230620_213907_s3/19205756/ccs/3711_4906,121,PotentialTransSplicing,-
DepMap_AS010_v1_SKBR3.refine.bam.fastq,GDPGP1:DHRS2,chr15,90238548,+,chr14,23643152,+,Inf,0,1,FALSE,TRUE,TRUE,m84056_230620_213907_s3/38539169/ccs/6473_7497,218,PotentialTransSplicing,-
DepMap_AS010_v1_SKBR3.refine.bam.fastq,CLEC16A:RNF149,chr16,10973061,+,chr2,101273341,-,Inf,0,1,FALSE,TRUE,TRUE,m84056_230620_213907_s3/52761532/ccs/2466_4065,860,PotentialTransSplicing,-
DepMap_AS010_v1_SKBR3.refine.bam.fastq,GNPTG:HNRNPUL1,chr16,1352306,+,chr19,41268223,+,Inf,0,1,FALSE,TRUE,TRUE,m84056_230620_213907_s3/42931723/ccs/44_2961,188,PotentialTransSplicing,-
DepMap_AS010_v1_SKBR3.refine.bam.fastq,MKL2:ZMYM4,chr16,14140760,+,chr1,35325360,+,Inf,0,1,FALSE,TRUE,TRUE,m84056_230620_213907_s3/171639551/ccs/734_1347,261,PotentialTransSplicing,-
DepMap_AS010_v1_SKBR3.refine.bam.fastq,NDE1:RRNAD1,chr16,15694256,+,chr1,156735725,+,Inf,0,1,FALSE,TRUE,TRUE,m84063_230620_211331_s3/40960960/ccs/8669_10079,908,PotentialTransSplicing,-
DepMap_AS010_v1_SKBR3.refine.bam.fastq,DCTN5:HMCES,chr16,23643023,+,chr3,129298354,+,Inf,0,1,TRUE,TRUE,TRUE,m84056_230620_213907_s3/243860908/ccs/752_1919,150,PotentialTransSplicing,-
DepMap_AS010_v1_SKBR3.refine.bam.fastq,USP1:CTNNA1,chr1,62437400,+,chr5,138824530,+,Inf,0,1,FALSE,TRUE,TRUE,m84056_230620_213907_s3/212271573/ccs/2086_3100,379,PotentialTransSplicing,-
DepMap_AS010_v1_SKBR3.refine.bam.fastq,DOCK7:RP11-1223D19.1,chr1,62688227,-,chr2,110279606,+,Inf,0,1,FALSE,TRUE,TRUE,m84056_230620_213907_s3/244518654/ccs/74_2084,138,PotentialTransSplicing,-
DepMap_AS010_v1_SKBR3.refine.bam.fastq,PAQR4:ASPSCR1,chr16,2969840,+,chr17,82016476,+,Inf,0,1,FALSE,TRUE,TRUE,m84063_230620_211331_s3/252840194/ccs/70_570,110,PotentialTransSplicing,-
DepMap_AS010_v1_SKBR3.refine.bam.fastq,CCDC64B:PPIA,chr16,3035215,-,chr7,44801287,+,Inf,0,1,FALSE,TRUE,TRUE,m84056_230620_213907_s3/150014702/ccs/6863_7522,338,PotentialTransSplicing,-
DepMap_AS010_v1_SKBR3.refine.bam.fastq,CKLF-CMTM1:RSU1,chr16,66558348,+,chr10,16593496,-,Inf,0,1,FALSE,TRUE,TRUE,m84056_230620_213907_s3/56494374/ccs/3541_4488,357,PotentialTransSplicing,-
DepMap_AS010_v1_SKBR3.refine.bam.fastq,GSE1:RP1-317E23.6,chr16,85634132,+,chr1,25823019,+,Inf,0,1,FALSE,TRUE,TRUE,m84056_230620_213907_s3/219415922/ccs/6468_8643,293,PotentialTransSplicing,-
DepMap_AS010_v1_SKBR3.refine.bam.fastq,SPG7:PPIA,chr16,89513037,+,chr7,44801287,+,Inf,0,1,FALSE,TRUE,TRUE,m84056_230620_213907_s3/214569758/ccs/4092_4813,399,PotentialTransSplicing,-
DepMap_AS010_v1_SKBR3.refine.bam.fastq,LRRC75A-AS1:SNHG17,chr17,16439414,+,chr20,38422241,-,Inf,0,1,FALSE,TRUE,TRUE,m84056_230620_213907_s3/172823337/ccs/6775_7446,115,PotentialTransSplicing,-
DepMap_AS010_v1_SKBR3.refine.bam.fastq,RP11-258F1.1:GIPC1,chr17,18184397,-,chr19,14483006,-,Inf,0,1,FALSE,TRUE,TRUE,m84056_230620_213907_s3/61015306/ccs/2406_4289,197,PotentialTransSplicing,-
DepMap_AS010_v1_SKBR3.refine.bam.fastq,TOP3A:C14orf2,chr17,18306891,-,chr14,103912694,-,Inf,0,1,FALSE,TRUE,TRUE,m84056_230620_213907_s3/48302861/ccs/4526_5486,566,PotentialTransSplicing,-
DepMap_AS010_v1_SKBR3.refine.bam.fastq,EPN2:PWWP2B,chr17,19332068,+,chr10,132417061,+,Inf,0,1,TRUE,TRUE,TRUE,m84063_230620_211331_s3/240914541/ccs/5305_7910,1836,PotentialTransSplicing,-
DepMap_AS010_v1_SKBR3.refine.bam.fastq,CCDC144NL-AS1:RPL5,chr17,20868685,+,chr1,92837456,+,Inf,0,1,FALSE,TRUE,TRUE,m84056_230620_213907_s3/165351942/ccs/693_1249,131,PotentialTransSplicing,-
DepMap_AS010_v1_SKBR3.refine.bam.fastq,GOSR1:LACTB2,chr17,30492753,+,chr8,70661897,-,Inf,0,1,TRUE,TRUE,TRUE,m84056_230620_213907_s3/265029831/ccs/9942_11536,543,PotentialTransSplicing,-
DepMap_AS010_v1_SKBR3.refine.bam.fastq,PLXDC1:MTBP,chr17,39139654,-,chr8,120541994,+,Inf,0,1,FALSE,TRUE,TRUE,m84056_230620_213907_s3/243207266/ccs/1041_1455,291,PotentialTransSplicing,-
DepMap_AS010_v1_SKBR3.refine.bam.fastq,RPL19:PARK7,chr17,39201319,+,chr1,7984894,+,Inf,0,1,TRUE,TRUE,TRUE,m84063_230620_211331_s3/153882208/ccs/1394_1933,151,PotentialTransSplicing,-
DepMap_AS010_v1_SKBR3.refine.bam.fastq,STARD3:EPHX1,chr17,39653750,+,chr1,225838654,+,Inf,0,1,FALSE,TRUE,TRUE,m84056_230620_213907_s3/67441465/ccs/5302_6857,339,PotentialTransSplicing,-
DepMap_AS010_v1_SKBR3.refine.bam.fastq,ERBB2:MYL6,chr17,39715939,+,chr12,56161387,+,Inf,0,1,TRUE,TRUE,TRUE,m84056_230620_213907_s3/211816805/ccs/74_1982,1720,PotentialTransSplicing,-
DepMap_AS010_v1_SKBR3.refine.bam.fastq,ERBB2:RTEL1,chr17,39715939,+,chr20,63687638,+,Inf,0,1,TRUE,TRUE,TRUE,m84056_230620_213907_s3/120458104/ccs/5897_10426,1761,PotentialTransSplicing,-
DepMap_AS010_v1_SKBR3.refine.bam.fastq,GSDMB:XPO1,chr17,39908958,-,chr2,61481281,-,Inf,0,1,FALSE,TRUE,TRUE,m84063_230620_211331_s3/21305098/ccs/1230_1909,323,PotentialTransSplicing,-
DepMap_AS010_v1_SKBR3.refine.bam.fastq,RP11-242D8.1:RPS14,chr17,43170126,-,chr5,150446963,-,Inf,0,1,FALSE,TRUE,TRUE,m84056_230620_213907_s3/127862318/ccs/10727_11257,178,PotentialTransSplicing,-
DepMap_AS010_v1_SKBR3.refine.bam.fastq,RP11-105N13.4:SEC31A,chr17,45630158,+,chr4,82881940,-,Inf,0,1,FALSE,TRUE,TRUE,m84056_230620_213907_s3/137102776/ccs/6031_9597,420,PotentialTransSplicing,-
DepMap_AS010_v1_SKBR3.refine.bam.fastq,C1QBP:ILF3,chr17,5434873,-,chr19,10679097,+,Inf,0,1,TRUE,TRUE,TRUE,m84056_230620_213907_s3/230230664/ccs/10263_11255,491,PotentialTransSplicing,-
DepMap_AS010_v1_SKBR3.refine.bam.fastq,C1QBP:PSMB7,chr17,5438123,-,chr9,124405432,-,Inf,0,1,TRUE,TRUE,TRUE,m84056_230620_213907_s3/257166112/ccs/1462_2469,467,PotentialTransSplicing,-
DepMap_AS010_v1_SKBR3.refine.bam.fastq,RABGGTB:DYNC1LI1,chr1,75787604,+,chr3,32533097,-,Inf,0,1,FALSE,TRUE,TRUE,m84056_230620_213907_s3/95618510/ccs/3308_4847,129,PotentialTransSplicing,-
DepMap_AS010_v1_SKBR3.refine.bam.fastq,ERN1:ARID5B,chr17,64098121,-,chr10,62050888,+,Inf,0,1,TRUE,TRUE,TRUE,m84063_230620_211331_s3/196023152/ccs/5952_6858,292,PotentialTransSplicing,-
DepMap_AS010_v1_SKBR3.refine.bam.fastq,HELZ:PHF14,chr17,67201129,-,chr7,11169416,+,Inf,0,1,FALSE,TRUE,TRUE,m84056_230620_213907_s3/133105834/ccs/7783_8580,603,PotentialTransSplicing,-
DepMap_AS010_v1_SKBR3.refine.bam.fastq,ABCA5:FAM114A2,chr17,69327052,-,chr5,154002969,-,Inf,0,1,FALSE,TRUE,TRUE,m84056_230620_213907_s3/65212246/ccs/2218_4034,82,PotentialTransSplicing,-
DepMap_AS010_v1_SKBR3.refine.bam.fastq,ALOX12-AS1:FAM192A,chr17,7002484,-,chr16,57173869,-,Inf,0,1,FALSE,TRUE,TRUE,m84056_230620_213907_s3/61606950/ccs/768_1984,283,PotentialTransSplicing,-
DepMap_AS010_v1_SKBR3.refine.bam.fastq,PIGK:EIF4A2,chr1,77169260,-,chr3,186789125,+,Inf,0,1,FALSE,TRUE,TRUE,m84056_230620_213907_s3/252319312/ccs/4596_5767,401,PotentialTransSplicing,-
DepMap_AS010_v1_SKBR3.refine.bam.fastq,H3F3B:PAWR,chr17,75778883,-,chr12,79596658,-,Inf,0,1,TRUE,TRUE,TRUE,m84056_230620_213907_s3/216925778/ccs/74_868,343,PotentialTransSplicing,-
DepMap_AS010_v1_SKBR3.refine.bam.fastq,CYTH1:ZC3H14,chr17,78782202,-,chr14,88607243,+,Inf,0,1,TRUE,TRUE,TRUE,m84056_230620_213907_s3/260707281/ccs/1640_2306,93,PotentialTransSplicing,-
DepMap_AS010_v1_SKBR3.refine.bam.fastq,CYTH1:EIF3H,chr17,78782202,-,chr8,116648926,-,Inf,0,1,FALSE,TRUE,TRUE,m84056_230620_213907_s3/149095467/ccs/10516_11139,98,PotentialTransSplicing,Yes
DepMap_AS010_v1_SKBR3.refine.bam.fastq,USP36:RNPC3,chr17,78828897,-,chr1,103555034,+,Inf,0,1,FALSE,TRUE,TRUE,m84056_230620_213907_s3/134349847/ccs/699_1767,869,PotentialTransSplicing,-
DepMap_AS010_v1_SKBR3.refine.bam.fastq,CBX2:PCIF1,chr17,79781801,+,chr20,45947073,+,Inf,0,1,FALSE,TRUE,TRUE,m84056_230620_213907_s3/165349780/ccs/3658_4766,342,PotentialTransSplicing,-
DepMap_AS010_v1_SKBR3.refine.bam.fastq,SGSH:ECSIT,chr17,80217032,-,chr19,11508048,-,Inf,0,1,TRUE,TRUE,TRUE,m84056_230620_213907_s3/37819663/ccs/5515_6620,293,PotentialTransSplicing,-
DepMap_AS010_v1_SKBR3.refine.bam.fastq,RNF213:MYL6,chr17,80364553,+,chr12,56159975,+,Inf,0,1,FALSE,TRUE,TRUE,m84056_230620_213907_s3/194972273/ccs/8559_11302,334,PotentialTransSplicing,-
DepMap_AS010_v1_SKBR3.refine.bam.fastq,ENDOV:FXYD3,chr17,80415821,+,chr19,35122765,+,Inf,0,1,FALSE,TRUE,TRUE,m84056_230620_213907_s3/62786980/ccs/10991_11595,239,PotentialTransSplicing,-
DepMap_AS010_v1_SKBR3.refine.bam.fastq,TBCD:BMPR2,chr17,82814934,+,chr2,202542311,+,Inf,0,1,TRUE,TRUE,TRUE,m84056_230620_213907_s3/203818550/ccs/6518_8539,1206,PotentialTransSplicing,-
DepMap_AS010_v1_SKBR3.refine.bam.fastq,HDHD2:MIPEP,chr18,47150378,-,chr13,23841488,-,Inf,0,1,FALSE,TRUE,TRUE,m84056_230620_213907_s3/80676154/ccs/3139_4462,129,PotentialTransSplicing,-
DepMap_AS010_v1_SKBR3.refine.bam.fastq,RP11-162A12.2:RHOA,chr18,76822016,-,chr3,49375591,-,Inf,0,1,FALSE,TRUE,TRUE,m84056_230620_213907_s3/79104769/ccs/825_2726,256,PotentialTransSplicing,-
DepMap_AS010_v1_SKBR3.refine.bam.fastq,HSBP1L1:SCNN1A,chr18,79964786,+,chr12,6355880,-,Inf,0,1,FALSE,TRUE,TRUE,m84056_230620_213907_s3/132647352/ccs/1510_3817,148,PotentialTransSplicing,-
DepMap_AS010_v1_SKBR3.refine.bam.fastq,HSBP1L1:BRAT1,chr18,79968183,+,chr7,2543323,-,Inf,0,1,FALSE,TRUE,TRUE,m84056_230620_213907_s3/51184704/ccs/5471_7620,298,PotentialTransSplicing,-
DepMap_AS010_v1_SKBR3.refine.bam.fastq,DNMT1:ARMC10,chr19,10231204,-,chr7,103086630,+,Inf,0,1,FALSE,TRUE,TRUE,m84056_230620_213907_s3/192352967/ccs/44_1053,105,PotentialTransSplicing,-
DepMap_AS010_v1_SKBR3.refine.bam.fastq,ZNF700:CPE,chr19,11925273,+,chr4,165464390,+,Inf,0,1,TRUE,TRUE,TRUE,m84056_230620_213907_s3/45419684/ccs/4821_6833,194,PotentialTransSplicing,-
DepMap_AS010_v1_SKBR3.refine.bam.fastq,ZNF791:CAMKMT,chr19,12611082,+,chr2,44704283,+,Inf,0,1,FALSE,TRUE,TRUE,m84063_230620_211331_s3/116527117/ccs/6693_7882,113,PotentialTransSplicing,-
DepMap_AS010_v1_SKBR3.refine.bam.fastq,TECR:SKIL,chr19,14529711,+,chr3,170359699,+,Inf,0,1,TRUE,TRUE,TRUE,m84056_230620_213907_s3/83627431/ccs/846_4369,90,PotentialTransSplicing,-
DepMap_AS010_v1_SKBR3.refine.bam.fastq,CTD-3131K8.2:DDX42,chr19,17511343,-,chr17,63810513,+,Inf,0,1,FALSE,TRUE,TRUE,m84056_230620_213907_s3/76811489/ccs/971_3686,232,PotentialTransSplicing,-
DepMap_AS010_v1_SKBR3.refine.bam.fastq,CTC-260F20.3:GNAS,chr19,19516332,+,chr20,58895612,+,Inf,0,1,TRUE,TRUE,TRUE,m84056_230620_213907_s3/137106762/ccs/3603_5034,105,PotentialTransSplicing,-
DepMap_AS010_v1_SKBR3.refine.bam.fastq,ZNF682:KIAA0196,chr19,20023004,-,chr8,125028707,-,Inf,0,1,FALSE,TRUE,TRUE,m84056_230620_213907_s3/211620712/ccs/8261_9117,361,PotentialTransSplicing,-
DepMap_AS010_v1_SKBR3.refine.bam.fastq,OAZ1:JUP,chr19,2269744,+,chr17,41771862,-,Inf,0,1,FALSE,TRUE,TRUE,m84063_230620_211331_s3/159450592/ccs/6537_9818,222,PotentialTransSplicing,-
DepMap_AS010_v1_SKBR3.refine.bam.fastq,EVI5:C4orf29,chr1,92773906,-,chr4,128017363,+,Inf,0,1,FALSE,TRUE,TRUE,m84056_230620_213907_s3/69338968/ccs/3763_5579,389,PotentialTransSplicing,-
DepMap_AS010_v1_SKBR3.refine.bam.fastq,ZNF529:SPAG9,chr19,36572333,-,chr17,50970856,-,Inf,0,1,FALSE,TRUE,TRUE,m84063_230620_211331_s3/163320145/ccs/4627_5687,172,PotentialTransSplicing,-
DepMap_AS010_v1_SKBR3.refine.bam.fastq,PLD3:SRP9,chr19,40365585,+,chr1,225777935,+,Inf,0,1,FALSE,TRUE,TRUE,m84056_230620_213907_s3/249105145/ccs/6902_8295,115,PotentialTransSplicing,-
DepMap_AS010_v1_SKBR3.refine.bam.fastq,PPP5C:EPB41L5,chr19,46376574,+,chr2,120087171,+,Inf,0,1,FALSE,TRUE,TRUE,m84056_230620_213907_s3/254740755/ccs/3223_5451,645,PotentialTransSplicing,-
DepMap_AS010_v1_SKBR3.refine.bam.fastq,CTD-2583A14.10:ARFIP1,chr19,57820549,+,chr4,152888133,+,Inf,0,1,FALSE,TRUE,TRUE,m84063_230620_211331_s3/35982454/ccs/44_2340,273,PotentialTransSplicing,-
DepMap_AS010_v1_SKBR3.refine.bam.fastq,SDCBP2-AS1:MAD1L1,chr20,1325529,+,chr7,1980541,-,Inf,0,1,FALSE,TRUE,TRUE,m84056_230620_213907_s3/216662973/ccs/6644_7776,111,PotentialTransSplicing,-
DepMap_AS010_v1_SKBR3.refine.bam.fastq,SDCBP2-AS1:MYO5B,chr20,1325782,+,chr18,49853647,-,Inf,0,1,FALSE,TRUE,TRUE,m84056_230620_213907_s3/90575224/ccs/1028_3128,385,PotentialTransSplicing,-
DepMap_AS010_v1_SKBR3.refine.bam.fastq,ABHD12:PLXNB1,chr20,25302219,-,chr3,48413169,-,Inf,0,1,TRUE,TRUE,TRUE,m84056_230620_213907_s3/127141595/ccs/2135_5919,1281,PotentialTransSplicing,-
DepMap_AS010_v1_SKBR3.refine.bam.fastq,POFUT1:MRPS21,chr20,32216721,+,chr1,150308048,+,Inf,0,1,TRUE,TRUE,TRUE,m84056_230620_213907_s3/235476257/ccs/4759_5650,591,PotentialTransSplicing,-
DepMap_AS010_v1_SKBR3.refine.bam.fastq,ACSS2:BRE,chr20,34882989,+,chr2,28298338,+,Inf,0,1,FALSE,TRUE,TRUE,m84056_230620_213907_s3/221512804/ccs/4392_5444,450,PotentialTransSplicing,-
DepMap_AS010_v1_SKBR3.refine.bam.fastq,UQCC1:DHX57,chr20,35381918,-,chr2,38806693,-,Inf,0,1,TRUE,TRUE,TRUE,m84056_230620_213907_s3/133563993/ccs/1882_3212,350,PotentialTransSplicing,-
DepMap_AS010_v1_SKBR3.refine.bam.fastq,BLCAP:GGA2,chr20,37519232,-,chr16,23466778,-,Inf,0,1,FALSE,TRUE,TRUE,m84063_230620_211331_s3/208605295/ccs/43_427,197,PotentialTransSplicing,-
DepMap_AS010_v1_SKBR3.refine.bam.fastq,RNF24:ZNF131,chr20,3963875,-,chr5,43122044,+,Inf,0,1,FALSE,TRUE,TRUE,m84063_230620_211331_s3/115476661/ccs/7992_8728,313,PotentialTransSplicing,-
DepMap_AS010_v1_SKBR3.refine.bam.fastq,PABPC1L:PCMT1,chr20,44912853,+,chr6,149793549,+,Inf,0,1,TRUE,TRUE,TRUE,m84063_230620_211331_s3/173214412/ccs/7320_8969,482,PotentialTransSplicing,-
DepMap_AS010_v1_SKBR3.refine.bam.fastq,ZMYND8:CPVL,chr20,47287229,-,chr7,29092702,-,Inf,0,1,TRUE,TRUE,TRUE,m84056_230620_213907_s3/191828784/ccs/574_1943,265,PotentialTransSplicing,-
DepMap_AS010_v1_SKBR3.refine.bam.fastq,ARFGEF2:FAM53B,chr20,48922010,+,chr10,124706887,-,Inf,0,1,FALSE,TRUE,TRUE,m84056_230620_213907_s3/202637482/ccs/1923_7621,306,PotentialTransSplicing,-
DepMap_AS010_v1_SKBR3.refine.bam.fastq,STAU1:DNAH14,chr20,49115782,-,chr1,224952670,+,Inf,0,1,FALSE,TRUE,TRUE,m84056_230620_213907_s3/233636892/ccs/42_1463,603,PotentialTransSplicing,-
DepMap_AS010_v1_SKBR3.refine.bam.fastq,ZFAS1:C1orf27,chr20,49279208,+,chr1,186406083,+,Inf,0,1,FALSE,TRUE,TRUE,m84056_230620_213907_s3/82841508/ccs/13665_14687,182,PotentialTransSplicing,-
DepMap_AS010_v1_SKBR3.refine.bam.fastq,ZFAS1:WWOX,chr20,49279208,+,chr16,79211608,+,Inf,0,1,FALSE,TRUE,TRUE,m84063_230620_211331_s3/13701722/ccs/3690_4936,182,PotentialTransSplicing,-
DepMap_AS010_v1_SKBR3.refine.bam.fastq,PTPN1:TMEM138,chr20,50574654,+,chr11,61368597,+,Inf,0,1,FALSE,TRUE,TRUE,m84056_230620_213907_s3/183371798/ccs/7606_8852,634,PotentialTransSplicing,-
DepMap_AS010_v1_SKBR3.refine.bam.fastq,NELFCD:RPL15,chr20,58986863,+,chr3,23919196,+,Inf,0,1,FALSE,TRUE,TRUE,m84056_230620_213907_s3/57677008/ccs/44_749,350,PotentialTransSplicing,-
DepMap_AS010_v1_SKBR3.refine.bam.fastq,TRMT6:POLDIP2,chr20,5950278,-,chr17,28351800,-,Inf,0,1,FALSE,TRUE,TRUE,m84063_230620_211331_s3/89982998/ccs/9361_11002,222,PotentialTransSplicing,-
DepMap_AS010_v1_SKBR3.refine.bam.fastq,ARFGAP1:INF2,chr20,63281347,+,chr14,104718795,+,Inf,0,1,FALSE,TRUE,TRUE,m84056_230620_213907_s3/213388070/ccs/10180_11770,780,PotentialTransSplicing,-
DepMap_AS010_v1_SKBR3.refine.bam.fastq,ZC3H6:HK1,chr2,112276026,+,chr10,69359897,+,Inf,0,1,FALSE,TRUE,TRUE,m84056_230620_213907_s3/164302747/ccs/44_3747,432,PotentialTransSplicing,-
DepMap_AS010_v1_SKBR3.refine.bam.fastq,AP001347.6:PTTG1,chr21,14027597,+,chr5,160422302,+,Inf,0,1,FALSE,TRUE,TRUE,m84063_230620_211331_s3/246220421/ccs/6706_7551,168,PotentialTransSplicing,-
DepMap_AS010_v1_SKBR3.refine.bam.fastq,PTPN4:CEP128,chr2,119809991,+,chr14,80478407,-,Inf,0,1,FALSE,TRUE,TRUE,m84056_230620_213907_s3/163644350/ccs/488_2644,716,PotentialTransSplicing,-
DepMap_AS010_v1_SKBR3.refine.bam.fastq,APP:CFL1,chr21,26170564,-,chr11,65856242,-,Inf,0,1,TRUE,TRUE,TRUE,m84056_230620_213907_s3/65803360/ccs/1696_2898,205,PotentialTransSplicing,-
DepMap_AS010_v1_SKBR3.refine.bam.fastq,RAB3GAP1:HEBP2,chr2,135135932,+,chr6,138412880,+,Inf,0,1,FALSE,TRUE,TRUE,m84056_230620_213907_s3/228590352/ccs/865_2526,1389,PotentialTransSplicing,-
DepMap_AS010_v1_SKBR3.refine.bam.fastq,CBR3-AS1:PHF14,chr21,36156217,-,chr7,11111350,+,Inf,0,1,FALSE,TRUE,TRUE,m84063_230620_211331_s3/192479938/ccs/74_489,103,PotentialTransSplicing,-
DepMap_AS010_v1_SKBR3.refine.bam.fastq,DSCAM-AS1:FAM179B,chr21,40383455,+,chr14,45066578,+,Inf,0,1,FALSE,TRUE,TRUE,m84056_230620_213907_s3/173868781/ccs/3281_5300,387,PotentialTransSplicing,-
DepMap_AS010_v1_SKBR3.refine.bam.fastq,DSCAM-AS1:PHC3,chr21,40383455,+,chr3,170117476,-,Inf,0,1,FALSE,TRUE,TRUE,m84056_230620_213907_s3/260116834/ccs/5820_8102,211,PotentialTransSplicing,-
DepMap_AS010_v1_SKBR3.refine.bam.fastq,LYPD6:YLPM1,chr2,149330722,+,chr14,74829213,+,Inf,0,1,FALSE,TRUE,TRUE,m84056_230620_213907_s3/251332679/ccs/9710_10634,194,PotentialTransSplicing,-
DepMap_AS010_v1_SKBR3.refine.bam.fastq,HAT1:PTPRJ,chr2,171953001,+,chr11,48110058,+,Inf,0,1,TRUE,TRUE,TRUE,m84056_230620_213907_s3/189727786/ccs/4013_5025,358,PotentialTransSplicing,-
DepMap_AS010_v1_SKBR3.refine.bam.fastq,ORMDL1:XRN2,chr2,189782422,-,chr20,21349389,+,Inf,0,1,TRUE,TRUE,TRUE,m84056_230620_213907_s3/254022346/ccs/5454_7249,316,PotentialTransSplicing,-
DepMap_AS010_v1_SKBR3.refine.bam.fastq,bP-21264C1.2:EGLN1,chr21,9327298,+,chr1,231374099,-,Inf,0,1,FALSE,TRUE,TRUE,m84056_230620_213907_s3/40961368/ccs/858_1521,193,PotentialTransSplicing,-
DepMap_AS010_v1_SKBR3.refine.bam.fastq,SLC11A1:GDPD3,chr2,218387955,+,chr16,30111521,-,Inf,0,1,TRUE,TRUE,TRUE,m84056_230620_213907_s3/197198136/ccs/1628_2233,160,PotentialTransSplicing,-
DepMap_AS010_v1_SKBR3.refine.bam.fastq,GLB1L:GSTZ1,chr2,219245229,-,chr14,77326838,+,Inf,0,1,FALSE,TRUE,TRUE,m84056_230620_213907_s3/50071809/ccs/794_1886,215,PotentialTransSplicing,-
DepMap_AS010_v1_SKBR3.refine.bam.fastq,PPIL2:COX4I1,chr22,21669962,+,chr16,85805733,+,Inf,0,1,TRUE,TRUE,TRUE,m84056_230620_213907_s3/203230305/ccs/4625_5190,172,PotentialTransSplicing,-
DepMap_AS010_v1_SKBR3.refine.bam.fastq,FARSB:UBE2V1,chr2,222619645,-,chr20,50084254,-,Inf,0,1,TRUE,TRUE,TRUE,m84056_230620_213907_s3/107615036/ccs/8229_9869,1365,PotentialTransSplicing,-
DepMap_AS010_v1_SKBR3.refine.bam.fastq,PITPNB:ST20-MTHFS,chr22,27910964,-,chr15,79907684,-,Inf,0,1,FALSE,TRUE,TRUE,m84056_230620_213907_s3/229967675/ccs/6875_7479,264,PotentialTransSplicing,-
DepMap_AS010_v1_SKBR3.refine.bam.fastq,NIPSNAP1:ZFP91,chr22,29580985,-,chr11,58584856,+,Inf,0,1,TRUE,TRUE,TRUE,m84056_230620_213907_s3/195958348/ccs/5039_8391,131,PotentialTransSplicing,-
DepMap_AS010_v1_SKBR3.refine.bam.fastq,AC105760.2:FAM156B,chr2,237084156,-,chrX,52899468,+,Inf,0,1,FALSE,TRUE,TRUE,m84056_230620_213907_s3/169612594/ccs/11022_14268,1616,PotentialTransSplicing,-
DepMap_AS010_v1_SKBR3.refine.bam.fastq,PACSIN2:TSSC1,chr22,43015021,-,chr2,3257455,-,Inf,0,1,FALSE,TRUE,TRUE,m84056_230620_213907_s3/68620089/ccs/822_2183,94,PotentialTransSplicing,-
DepMap_AS010_v1_SKBR3.refine.bam.fastq,FAM118A:ASS1,chr22,45323427,+,chr9,130489333,+,Inf,0,1,FALSE,TRUE,TRUE,m84056_230620_213907_s3/107285109/ccs/74_1348,627,PotentialTransSplicing,-
DepMap_AS010_v1_SKBR3.refine.bam.fastq,GTF3C2:MAPK9,chr2,27356739,-,chr5,180269409,-,Inf,0,1,FALSE,TRUE,TRUE,m84063_230620_211331_s3/158991492/ccs/3811_5829,265,PotentialTransSplicing,-
DepMap_AS010_v1_SKBR3.refine.bam.fastq,COX7A2L:RAC1,chr2,42361090,-,chr7,6400126,+,Inf,0,1,TRUE,TRUE,TRUE,m84063_230620_211331_s3/159780399/ccs/3863_4392,119,PotentialTransSplicing,-
DepMap_AS010_v1_SKBR3.refine.bam.fastq,SMEK2:CCT8,chr2,55615451,-,chr21,29070337,-,Inf,0,1,TRUE,TRUE,TRUE,m84056_230620_213907_s3/254020455/ccs/8770_11015,511,PotentialTransSplicing,-
DepMap_AS010_v1_SKBR3.refine.bam.fastq,SMEK2:CYP2R1,chr2,55617144,-,chr11,14885917,-,Inf,0,1,FALSE,TRUE,TRUE,m84063_230620_211331_s3/256510727/ccs/1449_3301,468,PotentialTransSplicing,-
DepMap_AS010_v1_SKBR3.refine.bam.fastq,MTHFD2:SND1,chr2,74198742,+,chr7,128074502,+,Inf,0,1,FALSE,TRUE,TRUE,m84056_230620_213907_s3/158794243/ccs/6283_7901,131,PotentialTransSplicing,-
DepMap_AS010_v1_SKBR3.refine.bam.fastq,MTHFD2:PDLIM2,chr2,74211866,+,chr8,22593733,+,Inf,0,1,FALSE,TRUE,TRUE,m84056_230620_213907_s3/48693331/ccs/4223_5701,920,PotentialTransSplicing,-
DepMap_AS010_v1_SKBR3.refine.bam.fastq,POLE4:RBM14-RBM4,chr2,74960146,+,chr11,66646027,+,Inf,0,1,TRUE,TRUE,TRUE,m84063_230620_211331_s3/202118364/ccs/1701_2519,377,PotentialTransSplicing,-
DepMap_AS010_v1_SKBR3.refine.bam.fastq,PTCD3:FAM120A,chr2,86133436,+,chr9,93561109,+,Inf,0,1,TRUE,TRUE,TRUE,m84056_230620_213907_s3/92802289/ccs/12870_15120,1502,PotentialTransSplicing,-
DepMap_AS010_v1_SKBR3.refine.bam.fastq,KIDINS220:SRP9,chr2,8837480,-,chr1,225777935,+,Inf,0,1,FALSE,TRUE,TRUE,m84056_230620_213907_s3/155782353/ccs/44_1546,136,PotentialTransSplicing,-
DepMap_AS010_v1_SKBR3.refine.bam.fastq,VGLL4:ACSS2,chr3,11702971,-,chr20,34923323,+,Inf,0,1,FALSE,TRUE,TRUE,m84063_230620_211331_s3/75240201/ccs/9821_11369,249,PotentialTransSplicing,-
DepMap_AS010_v1_SKBR3.refine.bam.fastq,CNBP:HNRNPC,chr3,129183776,-,chr14,21234229,-,Inf,0,1,FALSE,TRUE,TRUE,m84056_230620_213907_s3/8127376/ccs/6506_8251,121,PotentialTransSplicing,-
DepMap_AS010_v1_SKBR3.refine.bam.fastq,STAG1:IKBKB,chr3,136752195,-,chr8,42319585,+,Inf,0,1,FALSE,TRUE,TRUE,m84056_230620_213907_s3/124911767/ccs/74_1641,186,PotentialTransSplicing,-
DepMap_AS010_v1_SKBR3.refine.bam.fastq,SLC25A36:SPG11,chr3,140942095,+,chr15,44626507,-,Inf,0,1,FALSE,TRUE,TRUE,m84063_230620_211331_s3/146411109/ccs/2123_2680,297,PotentialTransSplicing,-
DepMap_AS010_v1_SKBR3.refine.bam.fastq,RASA2:SLC25A5,chr3,141553940,+,chrX,119470373,+,Inf,0,1,FALSE,TRUE,TRUE,m84063_230620_211331_s3/94570438/ccs/1775_3021,694,PotentialTransSplicing,-
DepMap_AS010_v1_SKBR3.refine.bam.fastq,SLC33A1:IPO5,chr3,155853223,-,chr13,98002467,+,Inf,0,1,TRUE,TRUE,TRUE,m84056_230620_213907_s3/127078730/ccs/3162_7205,1184,PotentialTransSplicing,-
DepMap_AS010_v1_SKBR3.refine.bam.fastq,MLF1:UCHL3,chr3,158571391,+,chr13,75604769,+,Inf,0,1,FALSE,TRUE,TRUE,m84056_230620_213907_s3/48761350/ccs/3938_4398,199,PotentialTransSplicing,-
DepMap_AS010_v1_SKBR3.refine.bam.fastq,MECOM:CENPK,chr3,169663336,-,chr5,65554898,-,Inf,0,1,FALSE,TRUE,TRUE,m84063_230620_211331_s3/187305495/ccs/2761_4558,290,PotentialTransSplicing,-
DepMap_AS010_v1_SKBR3.refine.bam.fastq,PHC3:TMEM258,chr3,170171373,-,chr11,61790602,-,Inf,0,1,TRUE,TRUE,TRUE,m84056_230620_213907_s3/134352469/ccs/7770_8576,454,PotentialTransSplicing,-
DepMap_AS010_v1_SKBR3.refine.bam.fastq,PHC3:PTPN11,chr3,170171373,-,chr12,112472944,+,Inf,0,1,TRUE,TRUE,TRUE,m84056_230620_213907_s3/211223984/ccs/2311_7735,434,PotentialTransSplicing,-
DepMap_AS010_v1_SKBR3.refine.bam.fastq,FNDC3B:ADK,chr3,172112590,+,chr10,74600379,+,Inf,0,1,TRUE,TRUE,TRUE,m84056_230620_213907_s3/106764035/ccs/7243_8068,244,PotentialTransSplicing,-
DepMap_AS010_v1_SKBR3.refine.bam.fastq,PARL:RP11-705C15.5,chr3,183862753,-,chr12,9653683,+,Inf,0,1,FALSE,TRUE,TRUE,m84056_230620_213907_s3/53546260/ccs/7422_9858,547,PotentialTransSplicing,-
DepMap_AS010_v1_SKBR3.refine.bam.fastq,ABCC5:RNF216,chr3,184014264,-,chr7,5712863,-,Inf,0,1,TRUE,TRUE,TRUE,m84056_230620_213907_s3/16452185/ccs/6126_6969,240,PotentialTransSplicing,-
DepMap_AS010_v1_SKBR3.refine.bam.fastq,SENP2:SNX5,chr3,185586514,+,chr20,17961326,-,Inf,0,1,FALSE,TRUE,TRUE,m84056_230620_213907_s3/159975184/ccs/2205_3860,291,PotentialTransSplicing,-
DepMap_AS010_v1_SKBR3.refine.bam.fastq,ACAP2:ANKRD13C,chr3,195320701,-,chr1,70262847,-,Inf,0,1,FALSE,TRUE,TRUE,m84056_230620_213907_s3/125113515/ccs/8535_11181,1036,PotentialTransSplicing,-
DepMap_AS010_v1_SKBR3.refine.bam.fastq,TFRC:DHRS3,chr3,196077064,-,chr1,12580666,-,Inf,0,1,TRUE,TRUE,TRUE,m84056_230620_213907_s3/227676091/ccs/5209_6570,219,PotentialTransSplicing,-
DepMap_AS010_v1_SKBR3.refine.bam.fastq,GMPPB:SKP2,chr3,49723254,-,chr5,36183840,+,Inf,0,1,FALSE,TRUE,TRUE,m84056_230620_213907_s3/208474895/ccs/10745_11416,486,PotentialTransSplicing,-
DepMap_AS010_v1_SKBR3.refine.bam.fastq,PDHB:PPP1R3E,chr3,58431877,-,chr14,23299541,-,Inf,0,1,FALSE,TRUE,TRUE,m84056_230620_213907_s3/123209681/ccs/3610_4148,225,PotentialTransSplicing,-
DepMap_AS010_v1_SKBR3.refine.bam.fastq,UBA3:UBR5,chr3,69075430,-,chr8,102346395,-,Inf,0,1,TRUE,TRUE,TRUE,m84063_230620_211331_s3/153553278/ccs/74_1244,231,PotentialTransSplicing,-
DepMap_AS010_v1_SKBR3.refine.bam.fastq,ZNF717:AP1M2,chr3,75783306,-,chr19,10584070,-,Inf,0,1,TRUE,TRUE,TRUE,m84056_230620_213907_s3/134611129/ccs/8698_10546,224,PotentialTransSplicing,-
DepMap_AS010_v1_SKBR3.refine.bam.fastq,RAB28:COX10,chr4,13484076,-,chr17,14159877,+,Inf,0,1,FALSE,TRUE,TRUE,m84056_230620_213907_s3/63375304/ccs/3875_6303,257,PotentialTransSplicing,-
DepMap_AS010_v1_SKBR3.refine.bam.fastq,ELF2:METAP1D,chr4,139176967,-,chr2,172061498,+,Inf,0,1,FALSE,TRUE,TRUE,m84056_230620_213907_s3/67438752/ccs/3752_5638,294,PotentialTransSplicing,-
DepMap_AS010_v1_SKBR3.refine.bam.fastq,PLRG1:HSP90AA1,chr4,154542187,-,chr14,102081821,-,Inf,0,1,FALSE,TRUE,TRUE,m84056_230620_213907_s3/199431136/ccs/74_1609,765,PotentialTransSplicing,-
DepMap_AS010_v1_SKBR3.refine.bam.fastq,RBM47:PDCD6IP,chr4,40630463,-,chr3,33812072,+,Inf,0,1,FALSE,TRUE,TRUE,m84056_230620_213907_s3/150999087/ccs/42_3148,234,PotentialTransSplicing,-
DepMap_AS010_v1_SKBR3.refine.bam.fastq,DANCR:PHF14,chr4,52712959,+,chr7,11111350,+,Inf,0,1,FALSE,TRUE,TRUE,m84056_230620_213907_s3/104665339/ccs/45_533,163,PotentialTransSplicing,-
DepMap_AS010_v1_SKBR3.refine.bam.fastq,SRD5A3:NMD3,chr4,55364271,+,chr3,161238113,+,Inf,0,1,TRUE,TRUE,TRUE,m84056_230620_213907_s3/227672567/ccs/74_2707,604,PotentialTransSplicing,-
DepMap_AS010_v1_SKBR3.refine.bam.fastq,YTHDC1:ACAD9,chr4,68349726,-,chr3,128893555,+,Inf,0,1,FALSE,TRUE,TRUE,m84063_230620_211331_s3/49090273/ccs/2398_4794,367,PotentialTransSplicing,-
DepMap_AS010_v1_SKBR3.refine.bam.fastq,RP11-440L14.1:C6orf48,chr4,781772,-,chr6,31835411,+,Inf,0,1,FALSE,TRUE,TRUE,m84056_230620_213907_s3/103486400/ccs/1988_2546,101,PotentialTransSplicing,-
DepMap_AS010_v1_SKBR3.refine.bam.fastq,DNAJB14:UQCC1,chr4,99946439,-,chr20,35374256,-,Inf,0,1,FALSE,TRUE,TRUE,m84056_230620_213907_s3/64161355/ccs/8097_11042,145,PotentialTransSplicing,-
DepMap_AS010_v1_SKBR3.refine.bam.fastq,ETF1:STAT5B,chr5,138518692,-,chr17,42202808,-,Inf,0,1,TRUE,TRUE,TRUE,m84056_230620_213907_s3/197856848/ccs/11159_12401,364,PotentialTransSplicing,-
DepMap_AS010_v1_SKBR3.refine.bam.fastq,CTNNA1:SRSF5,chr5,138887642,+,chr14,69770467,+,Inf,0,1,TRUE,TRUE,TRUE,m84056_230620_213907_s3/50201469/ccs/74_1560,1350,PotentialTransSplicing,-
DepMap_AS010_v1_SKBR3.refine.bam.fastq,CTC-329D1.2:DAZAP1,chr5,140401111,-,chr19,1417500,+,Inf,0,1,FALSE,TRUE,TRUE,m84056_230620_213907_s3/46793322/ccs/6527_8850,327,PotentialTransSplicing,-
DepMap_AS010_v1_SKBR3.refine.bam.fastq,ANKH:CMC2,chr5,14871352,-,chr16,80997429,-,Inf,0,1,TRUE,TRUE,TRUE,m84056_230620_213907_s3/260116231/ccs/3831_4858,467,PotentialTransSplicing,-
DepMap_AS010_v1_SKBR3.refine.bam.fastq,TTC1:RBBP6,chr5,160010858,+,chr16,24540612,+,Inf,0,1,TRUE,TRUE,TRUE,m84056_230620_213907_s3/137496017/ccs/6663_8029,393,PotentialTransSplicing,-
DepMap_AS010_v1_SKBR3.refine.bam.fastq,FBXW11:EPC1,chr5,171996890,-,chr10,32305931,-,Inf,0,1,FALSE,TRUE,TRUE,m84056_230620_213907_s3/190319901/ccs/2486_3440,357,PotentialTransSplicing,-
DepMap_AS010_v1_SKBR3.refine.bam.fastq,RP11-1379J22.5:FAM21A,chr5,179658481,+,chr10,50095599,+,Inf,0,1,FALSE,TRUE,TRUE,m84056_230620_213907_s3/176620108/ccs/74_1484,245,PotentialTransSplicing,-
DepMap_AS010_v1_SKBR3.refine.bam.fastq,RP11-1379J22.5:GABPB2,chr5,179658481,+,chr1,151088190,+,Inf,0,1,FALSE,TRUE,TRUE,m84056_230620_213907_s3/68880933/ccs/6639_8383,237,PotentialTransSplicing,-
DepMap_AS010_v1_SKBR3.refine.bam.fastq,RP11-1379J22.5:SRP9,chr5,179658481,+,chr1,225777935,+,Inf,0,1,FALSE,TRUE,TRUE,m84056_230620_213907_s3/44109619/ccs/5872_7388,150,PotentialTransSplicing,-
DepMap_AS010_v1_SKBR3.refine.bam.fastq,PDZD2:TAF6,chr5,32077606,+,chr7,100114268,-,Inf,0,1,FALSE,TRUE,TRUE,m84056_230620_213907_s3/173277752/ccs/5555_10817,2997,PotentialTransSplicing,-
DepMap_AS010_v1_SKBR3.refine.bam.fastq,NIPBL:PSMG3,chr5,36877178,+,chr7,1569360,-,Inf,0,1,FALSE,TRUE,TRUE,m84056_230620_213907_s3/220992945/ccs/831_1897,313,PotentialTransSplicing,-
DepMap_AS010_v1_SKBR3.refine.bam.fastq,ENC1:RP11-26J3.4,chr5,74640307,-,chr8,80064593,-,Inf,0,1,FALSE,TRUE,TRUE,m84056_230620_213907_s3/142870268/ccs/1097_2960,278,PotentialTransSplicing,-
DepMap_AS010_v1_SKBR3.refine.bam.fastq,ANKRD32:CCNB1IP1,chr5,94618765,+,chr14,20313801,-,Inf,0,1,FALSE,TRUE,TRUE,m84056_230620_213907_s3/70648321/ccs/1821_2632,95,PotentialTransSplicing,-
DepMap_AS010_v1_SKBR3.refine.bam.fastq,TMEM14B:FAM120A,chr6,10770204,+,chr9,93556382,+,Inf,0,1,FALSE,TRUE,TRUE,m84056_230620_213907_s3/31132785/ccs/2689_5130,202,PotentialTransSplicing,-
DepMap_AS010_v1_SKBR3.refine.bam.fastq,PKIB:SLC38A10,chr6,122481956,+,chr17,81271024,-,Inf,0,1,FALSE,TRUE,TRUE,m84063_230620_211331_s3/18879449/ccs/2636_4210,181,PotentialTransSplicing,-
DepMap_AS010_v1_SKBR3.refine.bam.fastq,ARID1B:BRIX1,chr6,156935576,+,chr5,34922217,+,Inf,0,1,TRUE,TRUE,TRUE,m84056_230620_213907_s3/219944422/ccs/4556_6109,622,PotentialTransSplicing,-
DepMap_AS010_v1_SKBR3.refine.bam.fastq,EZR:NUP214,chr6,158818082,-,chr9,131215212,+,Inf,0,1,TRUE,TRUE,TRUE,m84056_230620_213907_s3/179831778/ccs/4799_5829,135,PotentialTransSplicing,-
DepMap_AS010_v1_SKBR3.refine.bam.fastq,TCP1:CDC25B,chr6,159783941,-,chr20,3798412,+,Inf,0,1,FALSE,TRUE,TRUE,m84063_230620_211331_s3/164501287/ccs/1971_5461,921,PotentialTransSplicing,-
DepMap_AS010_v1_SKBR3.refine.bam.fastq,ATF6B:RPS27A,chr6,32120771,-,chr2,55234831,+,Inf,0,1,FALSE,TRUE,TRUE,m84056_230620_213907_s3/113054078/ccs/4683_5838,845,PotentialTransSplicing,-
DepMap_AS010_v1_SKBR3.refine.bam.fastq,XXbac-BPG294E21.9:CDK12,chr6,33454270,-,chr17,39490557,+,Inf,0,1,FALSE,TRUE,TRUE,m84056_230620_213907_s3/192874694/ccs/10135_13930,138,PotentialTransSplicing,-
DepMap_AS010_v1_SKBR3.refine.bam.fastq,BTBD9:SRP9,chr6,38288272,-,chr1,225777935,+,Inf,0,1,FALSE,TRUE,TRUE,m84056_230620_213907_s3/42865064/ccs/11318_14608,1924,PotentialTransSplicing,-
DepMap_AS010_v1_SKBR3.refine.bam.fastq,STAG3L5P-PVRIG2P-PILRB:FAM193A,chr7,100338889,+,chr4,2689506,+,Inf,0,1,FALSE,TRUE,TRUE,m84063_230620_211331_s3/134747939/ccs/494_1085,300,PotentialTransSplicing,-
DepMap_AS010_v1_SKBR3.refine.bam.fastq,STAG3L5P-PVRIG2P-PILRB:NDUFS2,chr7,100349887,+,chr1,161212351,+,Inf,0,1,FALSE,TRUE,TRUE,m84056_230620_213907_s3/218893612/ccs/4963_6246,680,PotentialTransSplicing,-
DepMap_AS010_v1_SKBR3.refine.bam.fastq,STAG3L5P-PVRIG2P-PILRB:RPL7,chr7,100349887,+,chr8,73292797,-,Inf,0,1,FALSE,TRUE,TRUE,m84056_230620_213907_s3/233508014/ccs/4771_5802,236,PotentialTransSplicing,-
DepMap_AS010_v1_SKBR3.refine.bam.fastq,POLR2J3:RPS5,chr7,102566997,-,chr19,58388137,+,Inf,0,1,FALSE,TRUE,TRUE,m84056_230620_213907_s3/249235667/ccs/5314_6277,295,PotentialTransSplicing,-
DepMap_AS010_v1_SKBR3.refine.bam.fastq,DLD:LONP2,chr7,107903547,+,chr16,48270016,+,Inf,0,1,TRUE,TRUE,TRUE,m84056_230620_213907_s3/98566801/ccs/744_2936,428,PotentialTransSplicing,-
DepMap_AS010_v1_SKBR3.refine.bam.fastq,NDUFA4:ADH5,chr7,10938090,-,chr4,99085216,-,Inf,0,1,TRUE,TRUE,TRUE,m84056_230620_213907_s3/162533279/ccs/5028_6706,297,PotentialTransSplicing,-
DepMap_AS010_v1_SKBR3.refine.bam.fastq,CAPZA2:SRP9,chr7,116862650,+,chr1,225777935,+,Inf,0,1,TRUE,TRUE,TRUE,m84056_230620_213907_s3/168494190/ccs/1205_2596,113,PotentialTransSplicing,-
DepMap_AS010_v1_SKBR3.refine.bam.fastq,NDUFB2:TRAPPC3,chr7,140696842,+,chr1,36140166,-,Inf,0,1,FALSE,TRUE,TRUE,m84056_230620_213907_s3/114622757/ccs/7416_8706,160,PotentialTransSplicing,-
DepMap_AS010_v1_SKBR3.refine.bam.fastq,NDUFB2:RALY,chr7,140696842,+,chr20,34031522,+,Inf,0,1,FALSE,TRUE,TRUE,m84056_230620_213907_s3/37946650/ccs/1809_3326,143,PotentialTransSplicing,-
DepMap_AS010_v1_SKBR3.refine.bam.fastq,SLC4A2:ASPSCR1,chr7,151062038,+,chr17,82016476,+,Inf,0,1,TRUE,TRUE,TRUE,m84056_230620_213907_s3/214830193/ccs/3403_4014,219,PotentialTransSplicing,-
DepMap_AS010_v1_SKBR3.refine.bam.fastq,NUPL2:CD9,chr7,23187146,+,chr12,6237763,+,Inf,0,1,FALSE,TRUE,TRUE,m84063_230620_211331_s3/199496305/ccs/6641_7617,484,PotentialTransSplicing,-
DepMap_AS010_v1_SKBR3.refine.bam.fastq,ANLN:BCO2,chr7,36415884,+,chr11,112199699,+,Inf,0,1,TRUE,TRUE,TRUE,m84056_230620_213907_s3/249434578/ccs/7841_10904,1691,PotentialTransSplicing,-
DepMap_AS010_v1_SKBR3.refine.bam.fastq,COA1:SNRPA,chr7,43656033,-,chr19,40757332,+,Inf,0,1,FALSE,TRUE,TRUE,m84056_230620_213907_s3/154732340/ccs/9929_11115,189,PotentialTransSplicing,-
DepMap_AS010_v1_SKBR3.refine.bam.fastq,DBNL:CHCHD1,chr7,44060153,+,chr10,73783074,+,Inf,0,1,FALSE,TRUE,TRUE,m84056_230620_213907_s3/150604356/ccs/1994_3457,1170,PotentialTransSplicing,-
DepMap_AS010_v1_SKBR3.refine.bam.fastq,TMED4:PACS1,chr7,44581449,-,chr11,66210362,+,Inf,0,1,TRUE,TRUE,TRUE,m84056_230620_213907_s3/110429316/ccs/7985_12297,398,PotentialTransSplicing,-
DepMap_AS010_v1_SKBR3.refine.bam.fastq,ACTB:MLLT4-AS1,chr7,5563714,-,chr6,167824806,-,Inf,0,1,FALSE,TRUE,TRUE,m84056_230620_213907_s3/262869563/ccs/4861_5714,428,PotentialTransSplicing,-
DepMap_AS010_v1_SKBR3.refine.bam.fastq,EIF2AK1:NVL,chr7,6054546,-,chr1,224303857,-,Inf,0,1,FALSE,TRUE,TRUE,m84056_230620_213907_s3/140774685/ccs/2034_4514,358,PotentialTransSplicing,-
DepMap_AS010_v1_SKBR3.refine.bam.fastq,ZNF736:RP11-745O10.4,chr7,64336982,+,chr12,66153448,-,Inf,0,1,TRUE,TRUE,TRUE,m84056_230620_213907_s3/138283329/ccs/5039_6040,358,PotentialTransSplicing,-
DepMap_AS010_v1_SKBR3.refine.bam.fastq,AC068533.7:RPL5,chr7,66127740,+,chr1,92841766,+,Inf,0,1,FALSE,TRUE,TRUE,m84056_230620_213907_s3/87362559/ccs/1114_1444,172,PotentialTransSplicing,-
DepMap_AS010_v1_SKBR3.refine.bam.fastq,MLXIPL:PRMT1,chr7,73616071,-,chr19,49683927,+,Inf,0,1,TRUE,TRUE,TRUE,m84063_230620_211331_s3/194711382/ccs/7136_8514,472,PotentialTransSplicing,-
DepMap_AS010_v1_SKBR3.refine.bam.fastq,BAIAP2L1:TMEM189,chr7,98400802,-,chr20,50125179,-,Inf,0,1,FALSE,TRUE,TRUE,m84056_230620_213907_s3/177344687/ccs/8208_9402,262,PotentialTransSplicing,-
DepMap_AS010_v1_SKBR3.refine.bam.fastq,ARPC1B:ANKRD16,chr7,99394119,+,chr10,5880376,-,Inf,0,1,TRUE,TRUE,TRUE,m84056_230620_213907_s3/60557675/ccs/2263_3688,1148,PotentialTransSplicing,-
DepMap_AS010_v1_SKBR3.refine.bam.fastq,EIF3H:GNAS,chr8,116726016,-,chr20,58895612,+,Inf,0,1,TRUE,TRUE,TRUE,m84063_230620_211331_s3/186779998/ccs/5887_7537,321,PotentialTransSplicing,-
DepMap_AS010_v1_SKBR3.refine.bam.fastq,EIF3H:EIF1AX,chr8,116755666,-,chrX,20135841,-,Inf,0,1,FALSE,TRUE,TRUE,m84056_230620_213907_s3/178258053/ccs/8272_9022,161,PotentialTransSplicing,-
DepMap_AS010_v1_SKBR3.refine.bam.fastq,SAMD12:NPIPB3,chr8,118580715,-,chr16,21406859,-,Inf,0,1,FALSE,TRUE,TRUE,m84063_230620_211331_s3/224595230/ccs/2806_6025,313,PotentialTransSplicing,-
DepMap_AS010_v1_SKBR3.refine.bam.fastq,SAMD12:OSBPL1A,chr8,118580715,-,chr18,24377535,-,Inf,0,1,TRUE,TRUE,TRUE,m84063_230620_211331_s3/137038536/ccs/74_944,321,PotentialTransSplicing,-
DepMap_AS010_v1_SKBR3.refine.bam.fastq,SAMD12:CH507-513H4.1,chr8,118580715,-,chr21,8222961,+,Inf,0,1,FALSE,TRUE,TRUE,m84056_230620_213907_s3/917891/ccs/6281_7233,319,PotentialTransSplicing,-
DepMap_AS010_v1_SKBR3.refine.bam.fastq,TATDN1:GSDMB,chr8,124538928,-,chr17,39906987,-,Inf,0,1,TRUE,TRUE,TRUE,m84056_230620_213907_s3/74975162/ccs/3101_3992,125,PotentialTransSplicing,Yes
DepMap_AS010_v1_SKBR3.refine.bam.fastq,TATDN1:GSDMB,chr8,124538928,-,chr17,39909042,-,Inf,0,1,FALSE,TRUE,TRUE,m84063_230620_211331_s3/257823252/ccs/1203_2213,121,PotentialTransSplicing,Yes
DepMap_AS010_v1_SKBR3.refine.bam.fastq,TATDN1:GSDMB,chr8,124539025,-,chr17,39906271,-,Inf,0,1,TRUE,TRUE,TRUE,m84056_230620_213907_s3/119147916/ccs/7956_8781,86,PotentialTransSplicing,Yes
DepMap_AS010_v1_SKBR3.refine.bam.fastq,FAM49B:NPM1,chr8,129903312,-,chr5,171392710,+,Inf,0,1,FALSE,TRUE,TRUE,m84056_230620_213907_s3/48891567/ccs/8132_9067,170,PotentialTransSplicing,-
DepMap_AS010_v1_SKBR3.refine.bam.fastq,FAM49B:SIPA1L1,chr8,129939608,-,chr14,71512743,+,Inf,0,1,FALSE,TRUE,TRUE,m84056_230620_213907_s3/179899667/ccs/4975_11174,208,PotentialTransSplicing,-
DepMap_AS010_v1_SKBR3.refine.bam.fastq,ASAP1:PFKP,chr8,130401885,-,chr10,3099275,+,Inf,0,1,FALSE,TRUE,TRUE,m84056_230620_213907_s3/136841178/ccs/5513_7662,561,PotentialTransSplicing,-
DepMap_AS010_v1_SKBR3.refine.bam.fastq,ZNF250:SF1,chr8,144886840,-,chr11,64765518,-,Inf,0,1,TRUE,TRUE,TRUE,m84056_230620_213907_s3/130286416/ccs/9333_10665,426,PotentialTransSplicing,-
DepMap_AS010_v1_SKBR3.refine.bam.fastq,PRKDC:PSMD1,chr8,47959973,-,chr2,231172535,+,Inf,0,1,FALSE,TRUE,TRUE,m84056_230620_213907_s3/224331274/ccs/9002_9404,181,PotentialTransSplicing,-
DepMap_AS010_v1_SKBR3.refine.bam.fastq,MCM4:FUS,chr8,47961680,+,chr16,31188325,+,Inf,0,1,TRUE,TRUE,TRUE,m84056_230620_213907_s3/232920785/ccs/3566_4830,318,PotentialTransSplicing,-
DepMap_AS010_v1_SKBR3.refine.bam.fastq,PCMTD1:RP11-532F12.5,chr8,51845661,-,chr15,40836282,-,Inf,0,1,FALSE,TRUE,TRUE,m84056_230620_213907_s3/50202711/ccs/3337_3912,287,PotentialTransSplicing,-
DepMap_AS010_v1_SKBR3.refine.bam.fastq,TRAM1:SUGT1,chr8,70583164,-,chr13,52687734,+,Inf,0,1,FALSE,TRUE,TRUE,m84056_230620_213907_s3/28641765/ccs/12136_14323,1142,PotentialTransSplicing,-
DepMap_AS010_v1_SKBR3.refine.bam.fastq,TRAM1:EIF3A,chr8,70608077,-,chr10,119059718,-,Inf,0,1,TRUE,TRUE,TRUE,m84056_230620_213907_s3/97127857/ccs/1787_3292,276,PotentialTransSplicing,-
DepMap_AS010_v1_SKBR3.refine.bam.fastq,IKBKAP:NCL,chr9,108919253,-,chr2,231457124,-,Inf,0,1,TRUE,TRUE,TRUE,m84056_230620_213907_s3/86050205/ccs/45_1974,811,PotentialTransSplicing,-
DepMap_AS010_v1_SKBR3.refine.bam.fastq,IKBKAP:EIF3H,chr9,108933864,-,chr8,116726172,-,Inf,0,1,FALSE,TRUE,TRUE,m84056_230620_213907_s3/144248061/ccs/3792_5159,261,PotentialTransSplicing,-
DepMap_AS010_v1_SKBR3.refine.bam.fastq,MRRF:GNAS,chr9,122271075,+,chr20,58895612,+,Inf,0,1,TRUE,TRUE,TRUE,m84056_230620_213907_s3/65339642/ccs/1402_2984,256,PotentialTransSplicing,-
DepMap_AS010_v1_SKBR3.refine.bam.fastq,AIF1L:CNPPD1,chr9,131117847,+,chr2,219176847,-,Inf,0,1,TRUE,TRUE,TRUE,m84056_230620_213907_s3/198379930/ccs/7550_9886,396,PotentialTransSplicing,-
DepMap_AS010_v1_SKBR3.refine.bam.fastq,UBAP1:WASL,chr9,34179240,+,chr7,123709223,-,Inf,0,1,FALSE,TRUE,TRUE,m84056_230620_213907_s3/222628983/ccs/7758_8387,191,PotentialTransSplicing,-
DepMap_AS010_v1_SKBR3.refine.bam.fastq,RIC1:CKLF-CMTM1,chr9,5765798,+,chr16,66563122,+,Inf,0,1,FALSE,TRUE,TRUE,m84056_230620_213907_s3/174262736/ccs/2023_3889,1588,PotentialTransSplicing,-
DepMap_AS010_v1_SKBR3.refine.bam.fastq,HNRNPK:STK24,chr9,83980503,-,chr13,98475358,-,Inf,0,1,FALSE,TRUE,TRUE,m84063_230620_211331_s3/223482991/ccs/5659_7744,112,PotentialTransSplicing,-
DepMap_AS010_v1_SKBR3.refine.bam.fastq,RBMX:NPLOC4,chrX,136875086,-,chr17,81559416,-,Inf,0,1,FALSE,TRUE,TRUE,m84056_230620_213907_s3/67371428/ccs/2087_3894,1001,PotentialTransSplicing,-
DepMap_AS010_v1_SKBR3.refine.bam.fastq,RNU6-3P:UQCRC2,chrX,141118030,-,chr16,21962761,+,Inf,0,1,FALSE,TRUE,TRUE,m84056_230620_213907_s3/195824020/ccs/3631_4898,108,PotentialTransSplicing,-
DepMap_AS010_v1_SKBR3.refine.bam.fastq,EMD:MROH1,chrX,154380019,+,chr8,144261655,+,Inf,0,1,TRUE,TRUE,TRUE,m84056_230620_213907_s3/63836395/ccs/9438_10119,408,PotentialTransSplicing,-
DepMap_AS010_v1_SKBR3.refine.bam.fastq,KANTR:SRP9,chrX,53099608,+,chr1,225777935,+,Inf,0,1,FALSE,TRUE,TRUE,m84056_230620_213907_s3/159584224/ccs/44_1658,251,PotentialTransSplicing,-
DepMap_AS010_v1_SKBR3.refine.bam.fastq,DHRSX:EIF1AX,chrY,2408745,-,chrX,20130607,-,Inf,0,1,TRUE,TRUE,TRUE,m84056_230620_213907_s3/86705090/ccs/2960_3683,371,PotentialTransSplicing,-
